Workbook

Sheet Lists
A1: Guilds | D1: Name | E1: Weapons | F1: Guild | G1: Date Added | I1: Weapons | J1: Role | L1: Compile the scoreboard from the images into one table via manual transcription, and display the full table. Remove the first row found in each image as it is a duplicate. Include only unique entries. Ignore the "Weapons" column. In the "Guilds" column, remove the framing symbols from Guild entries. Include special characters in names. Order columns by Rank, Guilds, Name, Team, Kills, Assist, Damage Dealt, Damage Taken, Amount Healed.
A2: FTP | D2: Akaru华 | E2: Wand/Orb | F2: FTP | G2: 45953 | I2: Wand/Longbow | J2: Healer
A3: Infwamy | D3: Anteses | E3: SnS/Greatsword | F3: FTP | G3: 45960 | I3: Wand/Orb | J3: Healer | L3: Compile and create downloadable excel file with complete scoreboard
A4: Sp00ky | D4: apgonzo | E4: Wand/Longbow | F4: FTP | G4: 45953 | I4: Wand/Greatsword | J4: Healer
A5: BLANK | D5: Ⱥloomy | E5: Wand/Longbow | F5: FTP | G5: 45953
A6: FTPㅃ | D6: Baozer | E6: Greatsword/Spear | F6: FTP | G6: 45960 | I6: Spear/Dagger | J6: Melee DPS
A7: Dwagonツ | D7: Blee | E7: Greatsword/Spear | F7: FTP | G7: 45960
A8: Undercooked | D8: Boharding | E8: Wand/Longbow | F8: FTP | G8: 45960 | I8: Greatsword/Spear | J8: Melee DPS
A9: Highly Regarded | D9: CLEM | E9: Staff/Dagger | F9: FTP | I9: Greatsword/Wand | J9: Melee DPS
A10: Best Regards | D10: Doddly | E10: SnS/Greatsword | F10: FTP | G10: 45953
A11: Unhinged肉 | D11: DopaMinn | E11: SnS/Greatsword | F11: FTP | G11: 45960 | I11: Crossbow/Orb | J11: Ranged DPS
A12: House Regard | D12: Duskstorm | E12: Wand/Orb | F12: FTP | G12: 45960
D13: edmun | E13: Staff/Dagger | F13: FTP | G13: 45953 | I13: Crossbow/Longbow | J13: Ranged DPS
D14: EgirlWaifu | E14: Wand/Longbow | F14: FTP | G14: 45960 | I14: Crossbow/SnS | J14: Ranged DPS
D15: bloomy | E15: Wand/Orb | F15: FTP
D16: Fadeふち | E16: Greatsword/Spear | F16: FTP | G16: 45960 | I16: Orb/Dagger | J16: Ranged DPS
D17: FarseerRain | E17: Wand/Longbow | F17: FTP | G17: 45953 | I17: Orb/Wand | J17: Ranged DPS
D18: Fuji | E18: Crossbow/Longbow | F18: FTP | G18: 45960 | I18: SnS/Wand | J18: Ranged DPS
D19: Geebinho17 | E19: Crossbow/Dagger | F19: FTP | G19: 45953 | I19: Staff/Dagger | J19: Ranged DPS
D20: Gravez | E20: SnS/Greatsword | F20: FTP | G20: 45960 | I20: Staff/Longbow | J20: Ranged DPS
D21: Hayler | E21: SnS/Greatsword | F21: FTP | G21: 45960 | I21: Staff/Orb | J21: Ranged DPS
D22: Hayzed | E22: Wand/Orb | F22: FTP | G22: 45960 | I22: Staff/Wand | J22: Ranged DPS
D23: HubertCumbrdale | E23: SnS/Spear | F23: FTP | G23: 45960 | I23: Wand/Dagger | J23: Ranged DPS
D24: Invulnerable | E24: SnS/Greatsword | F24: FTP | G24: 45960
D25: jaMESSSSS | E25: SnS/Wand | F25: FTP | G25: 45953
D26: jaMESSSSSS | E26: SnS/Wand | F26: FTP | G26: 45953 | I26: SnS/Spear | J26: Tank
D27: Jawz | E27: Greatsword/Dagger | F27: FTP | G27: 45960 | I27: SnS/Dagger | J27: Tank
D28: JCBoi | E28: SnS/Greatsword | F28: FTP | G28: 45960 | I28: SnS/Greatsword | J28: Tank
D29: Jinnshi | E29: Wand/Orb | F29: FTP | G29: 45960 | I29: SnS/Longbow | J29: Tank
D30: Kaloch | E30: Wand/Orb | F30: FTP | G30: 45960 | I30: SnS/Orb | J30: Tank
D31: Kiefblunt | E31: Staff/Dagger | F31: FTP | G31: 45960
D32: Kyu | E32: Greatsword/Spear | F32: FTP | G32: 45960 | I32: Crossbow/Dagger | J32: KS
D33: Loudpack | E33: SnS/Spear | F33: FTP | G33: 45960 | I33: Greatsword/Dagger | J33: KS
D34: maxgamer | E34: SnS/Greatsword | F34: FTP | I34: Longbow/Dagger | J34: KS
D35: monkeymo | E35: SnS/Greatsword | F35: FTP
D36: MrCantoni | E36: Crossbow/SnS | F36: FTP | G36: 45960
D37: Nengja | E37: Crossbow/SnS | F37: FTP | G37: 45960
D38: NGMilkMan | E38: SnS/Greatsword | F38: FTP | G38: 45960
D39: Nsin | E39: Staff/Dagger | F39: FTP | G39: 45953
D40: OTOT | E40: Wand/Orb | F40: FTP | G40: 45960
D41: PercTaker | E41: Crossbow/SnS | F41: FTP | G41: 45953
D42: Prefinity | E42: SnS/Spear | F42: FTP | G42: 45960
D43: Prefire | E43: Greatsword/Dagger | F43: FTP | G43: 45960
D44: Purple | E44: Wand/Orb | F44: FTP | G44: 45960
D45: nah | E45: Wand/Orb | F45: FTP | G45: 45960
D46: RedCamper | E46: SnS/Greatsword | F46: FTP | G46: 45960
D47: Regalians | E47: Orb/Wand | F47: FTP
D48: Regentlord | E48: Crossbow/Dagger | F48: FTP | G48: 45953
D49: ReinaKertia | E49: Wand/Orb | F49: FTP | G49: 45960
D50: Sayaka· | E50: Wand/Orb | F50: FTP | G50: 45960
D51: ShawarmaShuffle | E51: Greatsword/Dagger | F51: FTP | G51: 45953
D52: Shmeeboops | E52: Wand/Orb | F52: FTP | G52: 45960
D53: Snobu | E53: Wand/Orb | F53: FTP | G53: 45960
D54: soju· | E54: Wand/Longbow | F54: FTP | G54: 45960
D55: Spicyparrot | E55: Wand/Longbow | F55: FTP | G55: 45953
D56: Spot· | E56: Crossbow/Dagger | F56: FTP | G56: 45960
D57: Superluigi | E57: Spear/Dagger | F57: FTP | G57: 45960
D58: Sybilene | E58: Wand/Longbow | F58: FTP | G58: 45960
D59: Tagato | E59: Wand/Longbow | F59: FTP | G59: 45960
... D62: TemporalRage | E62: SnS/Greatsword | F62: FTP | G62: 45960
D63: Thana | E63: Greatsword/Dagger | F63: FTP
D64: Timbus | E64: SnS/Greatsword | F64: FTP | G64: 45960
D65: TOKUL | E65: Staff/Orb | F65: FTP | G65: 45960
D66: Willan | E66: Greatsword/Spear | F66: FTP | G66: 45960
D67: Zaels | E67: SnS/Longbow | F67: FTP | G67: 45960
D68: Zanax | E68: Wand/Longbow | F68: FTP | G68: 45960
D69: 愛RosesAreRosie | E69: Staff/Orb | F69: FTP | G69: 45960
D70: 火IlahuAkbar | E70: SnS/Greatsword | F70: FTP
D71: Feelix | E71: SnS/Greatsword | F71: FTP
D72: yup | E72: SnS/Greatsword | F72: FTP
D73: stepbro | E73: Greatsword/Dagger | F73: FTP
D74: JayAcy | E74: Wand/Orb | F74: FTP
D75: stepson | E75: SnS/Greatsword | F75: FTP
D76: RheGGie | E76: SnS/Greatsword | F76: FTP
D77: stepsis | E77: Wand/Longbow | F77: FTP
D78: SunnyDriver | E78: Greatsword/Dagger | F78: FTP
D79: hamstersprevail | E79: Wand/Longbow | F79: FTP
D80: Spot | E80: Crossbow/Dagger | F80: FTP
D81: narlynar | E81: Wand/Longbow | F81: FTP
... D97: Curufinwei | E97: Wand/Orb | F97: FTP
C99: =D99&F99 -> Akaru华Best Regards | D99: Akaru华 | E99: Wand/Orb | F99: Best Regards
C100: =D100&F100 -> apgonzoBest Regards | D100: apgonzo | E100: Wand/Longbow | F100: Best Regards
C101: =D101&F101 -> BBest Regards | D101: B | E101: Greatsword/Spear | F101: Best Regards
C102: =D102&F102 -> BohardingBest Regards | D102: Boharding | E102: Wand/Longbow | F102: Best Regards
C103: =D103&F103 -> CLEMBest Regards | D103: CLEM | E103: Staff/Dagger | F103: Best Regards
C104: =D104&F104 -> DuskBest Regards | D104: Dusk | E104: Wand/Orb | F104: Best Regards
C105: =D105&F105 -> EgirlWaifuBest Regards | D105: EgirlWaifu | E105: Wand/Longbow | F105: Best Regards
C106: =D106&F106 -> FujiBest Regards | D106: Fuji | E106: Longbow/Dagger | F106: Best Regards
C107: =D107&F107 -> GravezBest Regards | D107: Gravez | E107: SnS/Greatsword | F107: Best Regards
C108: =D108&F108 -> HaylerBest Regards | D108: Hayler | E108: SnS/Greatsword | F108: Best Regards
C109: =D109&F109 -> HubertCumbrdaleBest Regards | D109: HubertCumbrdale | E109: SnS/Spear | F109: Best Regards
C110: =D110&F110 -> InvulnerableBest Regards | D110: Invulnerable | E110: SnS/Greatsword | F110: Best Regards
... C249: =D249&F249 -> JayAcyHouse Regard | D249: JayAcy | E249: Wand/Orb | F249: House Regard
C250: =D250&F261 -> ガブリエルーHouse Regard | D250: ガブリエルー | E250: SnS/Greatsword | F250: House Regard
C251: =D251&F251 -> SupraOzzHouse Regard | D251: SupraOzz | E251: SnS/Dagger | F251: House Regard
C252: =D252&F252 -> MoonHouse Regard | D252: Moon | E252: SnS/Greatsword | F252: House Regard
C253: =D253&F253 -> POMEHouse Regard | D253: POME | E253: Greatsword/Spear | F253: House Regard
C254: =D254&F254 -> BombaTrixHouse Regard | D254: BombaTrix | E254: Wand/Longbow | F254: House Regard
C255: =D255&F255 -> SpicieeeHouse Regard | D255: Spicieee | E255: Wand/Orb | F255: House Regard
C256: =D256&F256 -> 皮姆利House Regard | D256: 皮姆利 | E256: Greatsword/Dagger | F256: House Regard
...

Sheet House R m UC 2 Aelon 2242026
A1: / | B1: Role | C1: Weapons | D1: Guild | E1: Name | F1: Team | G1: Kills | H1: Assists | I1: K + A | J1: Damage Dealt | K1: Damage Taken | L1: Amount Healed | M1: K+A Eff | N1: Dmg Dealt Eff | O1: Dmg Taken Eff | P1: Amt Healed Eff
A2: 9 | B2: =VLOOKUP(C2,Lists!I:J,2,FALSE) -> #N/A | C2: =VLOOKUP(E2&D2,Lists!C:E,3,FALSE) -> #N/A | D2: Undercooked | E2: melatonin | F2: Yellow | G2: 24 | H2: 28 | I2: 52 | J2: 402976 | K2: 0 | L2: 0 | M2: =I2/(HLOOKUP(F2,Team_Composition_23[[#All],[Yellow]:[Red]],10,FALSE)+HLOOKUP(F2,Team_Composition_23[[#All],[Yellow]:[Red]],11,FALSE)) -> 0.012996751 | N2: =J2/HLOOKUP(F2,Team_Composition_23[[#All],[Yellow]:[Red]],6,FALSE) -> 0.0090834847 | O2: =K2/HLOOKUP(F2,Team_Composition_23[[#All],[Yellow]:[Red]],8,FALSE) -> 0 | P2: =L2/HLOOKUP(F2,Team_Composition_23[[#All],[Yellow]:[Red]],7,FALSE) -> 0 | R2: Overall Stats | V2: Top Kills + Assists | Y2: Top Damage Dealt | AB2: Overall Stats by Guild
A3: 11 | B3: =VLOOKUP(C3,Lists!I:J,2,FALSE) -> #N/A | C3: =VLOOKUP(E3&D3,Lists!C:E,3,FALSE) -> #N/A | D3: Undercooked | E3: Revioli | F3: Yellow | G3: 22 | H3: 32 | I3: 54 | J3: 1268522 | K3: 41233 | L3: 41233 | M3: =I3/(HLOOKUP(F3,Team_Composition_23[[#All],[Yellow]:[Red]],10,FALSE)+HLOOKUP(F3,Team_Composition_23[[#All],[Yellow]:[Red]],11,FALSE)) -> 0.013496626 | N3: =J3/HLOOKUP(F3,Team_Composition_23[[#All],[Yellow]:[Red]],6,FALSE) -> 0.028593763 | O3: =K3/HLOOKUP(F3,Team_Composition_23[[#All],[Yellow]:[Red]],8,FALSE) -> 0.0023536479 | P3: =L3/HLOOKUP(F3,Team_Composition_23[[#All],[Yellow]:[Red]],7,FALSE) -> 0.0031853009 | R3: Data | S3: Yellow | T3: Red | V3: Name | W3: K + A | Y3: Name | Z3: Damage | AB3: Data | AC3: BR | AD3: Undercooked
A4: 30 | B4: =VLOOKUP(C4,Lists!I:J,2,FALSE) -> #N/A | C4: =VLOOKUP(E4&D4,Lists!C:E,3,FALSE) -> #N/A | D4: Undercooked | E4: ohMnMs | F4: Red | G4: 6 | H4: 52 | I4: 58 | J4: 1008045 | K4: 1451 | L4: 1451 | M4: =I4/(HLOOKUP(F4,Team_Composition_23[[#All],[Yellow]:[Red]],10,FALSE)+HLOOKUP(F4,Team_Composition_23[[#All],[Yellow]:[Red]],11,FALSE)) -> 0.070645554 | N4: =J4/HLOOKUP(F4,Team_Composition_23[[#All],[Yellow]:[Red]],6,FALSE) -> 0.057127904 | O4: =K4/HLOOKUP(F4,Team_Composition_23[[#All],[Yellow]:[Red]],8,FALSE) -> 3.2965332e-05 | P4: =L4/HLOOKUP(F4,Team_Composition_23[[#All],[Yellow]:[Red]],7,FALSE) -> 5.9789663e-05 | R4: Melee DPS | S4: =COUNTIFS(Scoreboard_43[Role],R4,Scoreboard_43[Team],"Yellow") -> 5 | T4: =COUNTIFS(Scoreboard_43[Role],R4,Scoreboard_43[Team],"Red") -> 6 | V4: =IFERROR(__xludf.DUMMYFUNCTION("query(A1:P238, ""Select E,I where B!='Healer' Order by I Desc Limit 10"", 0)"),"K") -> K | W4: =IFERROR(__xludf.DUMMYFUNCTION("""COMPUTED_VALUE"""),2829039) -> 2829039 | Y4: =IFERROR(__xludf.DUMMYFUNCTION("query(A1:P238, ""Select E,J Order by J Desc Limit 10"", 0)"),"B") -> B | Z4: =IFERROR(__xludf.DUMMYFUNCTION("""COMPUTED_VALUE"""),1504747) -> 1504747 | AB4: Melee DPS | AC4: =COUNTIFS(Scoreboard_43[Role],AB4,Scoreboard_43[Guild],"House Regard") -> 6 | AD4: =COUNTIFS(Scoreboard_43[Role],AB4,Scoreboard_43[Guild],"Undercooked") -> 5
A5: 32 | B5: =VLOOKUP(C5,Lists!I:J,2,FALSE) -> #N/A | C5: =VLOOKUP(E5&D5,Lists!C:E,3,FALSE) -> #N/A | D5: Undercooked | E5: rulERwOw | F5: Yellow | G5: 5 | H5: 22 | I5: 27 | J5: 537975 | K5: 46974 | L5: 46974 | M5: =I5/(HLOOKUP(F5,Team_Composition_23[[#All],[Yellow]:[Red]],10,FALSE)+HLOOKUP(F5,Team_Composition_23[[#All],[Yellow]:[Red]],11,FALSE)) -> 0.0067483129 | N5: =J5/HLOOKUP(F5,Team_Composition_23[[#All],[Yellow]:[Red]],6,FALSE) -> 0.012126498 | O5: =K5/HLOOKUP(F5,Team_Composition_23[[#All],[Yellow]:[Red]],8,FALSE) -> 0.0026813537 | P5: =L5/HLOOKUP(F5,Team_Composition_23[[#All],[Yellow]:[Red]],7,FALSE) -> 0.0036288003 | R5: Ranged DPS | S5: =COUNTIFS(Scoreboard_43[Role],R5,Scoreboard_43[Team],"Yellow") -> 5 | T5: =COUNTIFS(Scoreboard_43[Role],R5,Scoreboard_43[Team],"Red") -> 6 | V5: =IFERROR(__xludf.DUMMYFUNCTION("""COMPUTED_VALUE"""),"Slushy") -> Slushy | W5: =IFERROR(__xludf.DUMMYFUNCTION("""COMPUTED_VALUE"""),2306241) -> 2306241 | Y5: =IFERROR(__xludf.DUMMYFUNCTION("""COMPUTED_VALUE"""),"Baozer") -> Baozer | Z5: =IFERROR(__xludf.DUMMYFUNCTION("""COMPUTED_VALUE"""),1463082) -> 1463082 | AB5: Ranged DPS | AC5: =COUNTIFS(Scoreboard_43[Role],AB5,Scoreboard_43[Guild],"House Regard") -> 6 | AD5: =COUNTIFS(Scoreboard_43[Role],AB5,Scoreboard_43[Guild],"Undercooked") -> 5
A6: 36 | B6: =VLOOKUP(C6,Lists!I:J,2,FALSE) -> #N/A | C6: =VLOOKUP(E6&D6,Lists!C:E,3,FALSE) -> #N/A | D6: Undercooked | E6: Turnip | F6: Red | G6: 1 | H6: 15 | I6: 16 | J6: 455386 | K6: 33955 | L6: 33955 | M6: =I6/(HLOOKUP(F6,Team_Composition_23[[#All],[Yellow]:[Red]],10,FALSE)+HLOOKUP(F6,Team_Composition_23[[#All],[Yellow]:[Red]],11,FALSE)) -> 0.019488429 | N6: =J6/HLOOKUP(F6,Team_Composition_23[[#All],[Yellow]:[Red]],6,FALSE) -> 0.025807625 | O6: =K6/HLOOKUP(F6,Team_Composition_23[[#All],[Yellow]:[Red]],8,FALSE) -> 0.00077142511 | P6: =L6/HLOOKUP(F6,Team_Composition_23[[#All],[Yellow]:[Red]],7,FALSE) -> 0.001399144 | R6: Tank | S6: =COUNTIFS(Scoreboard_43[Role],R6,Scoreboard_43[Team],"Yellow") -> 13 | T6: =COUNTIFS(Scoreboard_43[Role],R6,Scoreboard_43[Team],"Red") -> 10 | V6: =IFERROR(__xludf.DUMMYFUNCTION("""COMPUTED_VALUE"""),"charigueya") -> charigueya | W6: =IFERROR(__xludf.DUMMYFUNCTION("""COMPUTED_VALUE"""),2238791) -> 2238791 | Y6: =IFERROR(__xludf.DUMMYFUNCTION("""COMPUTED_VALUE"""),"Revioli") -> Revioli | Z6: =IFERROR(__xludf.DUMMYFUNCTION("""COMPUTED_VALUE"""),1268522) -> 1268522 | AB6: Tank | AC6: =COUNTIFS(Scoreboard_43[Role],AB6,Scoreboard_43[Guild],"House Regard") -> 15 | AD6: =COUNTIFS(Scoreboard_43[Role],AB6,Scoreboard_43[Guild],"Undercooked") -> 8
A7: 39 | B7: =VLOOKUP(C7,Lists!I:J,2,FALSE) -> #N/A | C7: =VLOOKUP(E7&D7,Lists!C:E,3,FALSE) -> #N/A | D7: Undercooked | E7: Shield | F7: Yellow | G7: 1 | H7: 8 | I7: 9 | J7: 725342 | K7: 59491 | L7: 59491 | M7: =I7/(HLOOKUP(F7,Team_Composition_23[[#All],[Yellow]:[Red]],10,FALSE)+HLOOKUP(F7,Team_Composition_23[[#All],[Yellow]:[Red]],11,FALSE)) -> 0.0022494376 | N7: =J7/HLOOKUP(F7,Team_Composition_23[[#All],[Yellow]:[Red]],6,FALSE) -> 0.016349939 | O7: =K7/HLOOKUP(F7,Team_Composition_23[[#All],[Yellow]:[Red]],8,FALSE) -> 0.0033958448 | P7: =L7/HLOOKUP(F7,Team_Composition_23[[#All],[Yellow]:[Red]],7,FALSE) -> 0.0045957542 | R7: Healer | S7: =COUNTIFS(Scoreboard_43[Role],R7,Scoreboard_43[Team],"Yellow") -> 14 | T7: =COUNTIFS(Scoreboard_43[Role],R7,Scoreboard_43[Team],"Red") -> 17 | V7: =IFERROR(__xludf.DUMMYFUNCTION("""COMPUTED_VALUE"""),"CruMpet") -> CruMpet | W7: =IFERROR(__xludf.DUMMYFUNCTION("""COMPUTED_VALUE"""),2210720) -> 2210720 | Y7: =IFERROR(__xludf.DUMMYFUNCTION("""COMPUTED_VALUE"""),"ohMnMs") -> ohMnMs | Z7: =IFERROR(__xludf.DUMMYFUNCTION("""COMPUTED_VALUE"""),1008045) -> 1008045 | AB7: Healer | AC7: =COUNTIFS(Scoreboard_43[Role],AB7,Scoreboard_43[Guild],"House Regard") -> 16 | AD7: =COUNTIFS(Scoreboard_43[Role],AB7,Scoreboard_43[Guild],"Undercooked") -> 15
A8: 73 | B8: =VLOOKUP(C8,Lists!I:J,2,FALSE) -> #N/A | C8: =VLOOKUP(E8&D8,Lists!C:E,3,FALSE) -> #N/A | D8: MÉNACE 会 | E8: Dodl | F8: Red | G8: 0 | H8: 15 | I8: 15 | J8: 313516 | K8: 52687 | L8: 52687 | M8: =I8/(HLOOKUP(F8,Team_Composition_23[[#All],[Yellow]:[Red]],10,FALSE)+HLOOKUP(F8,Team_Composition_23[[#All],[Yellow]:[Red]],11,FALSE)) -> 0.018270402 | N8: =J8/HLOOKUP(F8,Team_Composition_23[[#All],[Yellow]:[Red]],6,FALSE) -> 0.017767572 | O8: =K8/HLOOKUP(F8,Team_Composition_23[[#All],[Yellow]:[Red]],8,FALSE) -> 0.0011969982 | P8: =L8/HLOOKUP(F8,Team_Composition_23[[#All],[Yellow]:[Red]],7,FALSE) -> 0.0021710117 | R8: Damage Dealt | S8: =SUMIFS(Scoreboard_43[Damage Dealt],Scoreboard_43[Team],"Yellow") -> 22967253 | T8: =SUMIFS(Scoreboard_43[Damage Dealt],Scoreboard_43[Team],"Red") -> 21310822 | V8: =IFERROR(__xludf.DUMMYFUNCTION("""COMPUTED_VALUE"""),"EnoughCrazy") -> EnoughCrazy | W8: =IFERROR(__xludf.DUMMYFUNCTION("""COMPUTED_VALUE"""),2088955) -> 2088955 | Y8: =IFERROR(__xludf.DUMMYFUNCTION("""COMPUTED_VALUE"""),"皮姆利") -> 皮姆利 | Z8: =IFERROR(__xludf.DUMMYFUNCTION("""COMPUTED_VALUE"""),969970) -> 969970 | AB8: Damage Dealt | AC8: =SUMIFS(Scoreboard_43[Damage Dealt],Scoreboard_43[Guild],"House Regard") -> 23187324 | AD8: =SUMIFS(Scoreboard_43[Damage Dealt],Scoreboard_43[Guild],"Undercooked") -> 20777235
A9: 76 | B9: =VLOOKUP(C9,Lists!I:J,2,FALSE) -> #N/A | C9: =VLOOKUP(E9&D9,Lists!C:E,3,FALSE) -> #N/A | D9: Undercooked | E9: cyclingpig | F9: Yellow | G9: 0 | H9: 14 | I9: 14 | J9: 323144 | K9: 285120 | L9: 285120 | M9: =I9/(HLOOKUP(F9,Team_Composition_23[[#All],[Yellow]:[Red]],10,FALSE)+HLOOKUP(F9,Team_Composition_23[[#All],[Yellow]:[Red]],11,FALSE)) -> 0.0034991252 | N9: =J9/HLOOKUP(F9,Team_Composition_23[[#All],[Yellow]:[Red]],6,FALSE) -> 0.0072839911 | O9: =K9/HLOOKUP(F9,Team_Composition_23[[#All],[Yellow]:[Red]],8,FALSE) -> 0.016275122 | P9: =L9/HLOOKUP(F9,Team_Composition_23[[#All],[Yellow]:[Red]],7,FALSE) -> 0.022025877 | R9: Amount Healed | S9: =SUMIFS(Scoreboard_43[Amount Healed],Scoreboard_43[Team],"Yellow") -> 15672194 | T9: =SUMIFS(Scoreboard_43[Amount Healed],Scoreboard_43[Team],"Red") -> 14470093 | V9: =IFERROR(__xludf.DUMMYFUNCTION("""COMPUTED_VALUE"""),"ALilSnakes") -> ALilSnakes | W9: =IFERROR(__xludf.DUMMYFUNCTION("""COMPUTED_VALUE"""),1817713) -> 1817713 | Y9: =IFERROR(__xludf.DUMMYFUNCTION("""COMPUTED_VALUE"""),"H612") -> H612 | Z9: =IFERROR(__xludf.DUMMYFUNCTION("""COMPUTED_VALUE"""),969144) -> 969144 | AB9: Amount Healed | AC9: =SUMIFS(Scoreboard_43[Amount Healed],Scoreboard_43[Guild],"House Regard") -> 16052769 | AD9: =SUMIFS(Scoreboard_43[Amount Healed],Scoreboard_43[Guild],"Undercooked") -> 14036831
A10: 83 | B10: =VLOOKUP(C10,Lists!I:J,2,FALSE) -> #N/A | C10: =VLOOKUP(E10&D10,Lists!C:E,3,FALSE) -> #N/A | D10: Undercooked | E10: aquillo | F10: Yellow | G10: 0 | H10: 13 | I10: 13 | J10: 297202 | K10: 375922 | L10: 375922 | M10: =I10/(HLOOKUP(F10,Team_Composition_23[[#All],[Yellow]:[Red]],10,FALSE)+HLOOKUP(F10,Team_Composition_23[[#All],[Yellow]:[Red]],11,FALSE)) -> 0.0032491877 | N10: =J10/HLOOKUP(F10,Team_Composition_23[[#All],[Yellow]:[Red]],6,FALSE) -> 0.0066992323 | O10: =K10/HLOOKUP(F10,Team_Composition_23[[#All],[Yellow]:[Red]],8,FALSE) -> 0.02145825 | P10: =L10/HLOOKUP(F10,Team_Composition_23[[#All],[Yellow]:[Red]],7,FALSE) -> 0.029040445 | R10: Damage Taken | S10: =SUMIFS(Scoreboard_43[Damage Taken],Scoreboard_43[Team],"Yellow") -> 15672194 | T10: =SUMIFS(Scoreboard_43[Damage Taken],Scoreboard_43[Team],"Red") -> 14470093 | V10: =IFERROR(__xludf.DUMMYFUNCTION("""COMPUTED_VALUE"""),"Ryujin") -> Ryujin | W10: =IFERROR(__xludf.DUMMYFUNCTION("""COMPUTED_VALUE"""),1804500) -> 1804500 | Y10: =IFERROR(__xludf.DUMMYFUNCTION("""COMPUTED_VALUE"""),"ELCHAMO") -> ELCHAMO | Z10: =IFERROR(__xludf.DUMMYFUNCTION("""COMPUTED_VALUE"""),950751) -> 950751 | AB10: Damage Taken | AC10: =SUMIFS(Scoreboard_43[Damage Taken],Scoreboard_43[Guild],"House Regard") -> 16052769 | AD10: =SUMIFS(Scoreboard_43[Damage Taken],Scoreboard_43[Guild],"Undercooked") -> 14036831
A11: 90 | B11: =VLOOKUP(C11,Lists!I:J,2,FALSE) -> #N/A | C11: =VLOOKUP(E11&D11,Lists!C:E,3,FALSE) -> #N/A | D11: Undercooked | E11: Broccoli | F11: Red | G11: 0 | H11: 7 | I11: 7 | J11: 363203 | K11: 46797 | L11: 46797 | M11: =I11/(HLOOKUP(F11,Team_Composition_23[[#All],[Yellow]:[Red]],10,FALSE)+HLOOKUP(F11,Team_Composition_23[[#All],[Yellow]:[Red]],11,FALSE)) -> 0.0085261876 | N11: =J11/HLOOKUP(F11,Team_Composition_23[[#All],[Yellow]:[Red]],6,FALSE) -> 0.020583432 | O11: =K11/HLOOKUP(F11,Team_Composition_23[[#All],[Yellow]:[Red]],8,FALSE) -> 0.0010631831 | P11: =L11/HLOOKUP(F11,Team_Composition_23[[#All],[Yellow]:[Red]],7,FALSE) -> 0.0019283094 | R11: % DT Healed | S11: =IFERROR(DIVIDE(SUMIFS(Scoreboard_43[Amount Healed],Scoreboard_43[Team],"Yellow"), SUMIFS(Scoreboard_43[Damage Taken],Scoreboard_43[Team],"Yellow"))*(100),0) -> 0 | T11: =IFERROR(DIVIDE(SUMIFS(Scoreboard_43[Amount Healed],Scoreboard_43[Team],"Red"), SUMIFS(Scoreboard_43[Damage Taken],Scoreboard_43[Team],"Red"))*(100),0) -> 0 | V11: =IFERROR(__xludf.DUMMYFUNCTION("""COMPUTED_VALUE"""),"Ceviche") -> Ceviche | W11: =IFERROR(__xludf.DUMMYFUNCTION("""COMPUTED_VALUE"""),1723458) -> 1723458 | Y11: =IFERROR(__xludf.DUMMYFUNCTION("""COMPUTED_VALUE"""),"waffles") -> waffles | Z11: =IFERROR(__xludf.DUMMYFUNCTION("""COMPUTED_VALUE"""),917832) -> 917832 | AB11: % DT Healed | AC11: =IFERROR(DIVIDE(SUMIFS(Scoreboard_43[Amount Healed],Scoreboard_43[Guild],"House Regard"), SUMIFS(Scoreboard_43[Damage Taken],Scoreboard_43[Guild],"House Regard"))*(100),0) -> 0 | AD11: =IFERROR(DIVIDE(SUMIFS(Scoreboard_43[Amount Healed],Scoreboard_43[Guild],"Undercooked"), SUMIFS(Scoreboard_43[Damage Taken],Scoreboard_43[Guild],"Undercooked"))*(100),0) -> 0
A12: 40 | B12: =VLOOKUP(C12,Lists!I:J,2,FALSE) -> Healer | C12: =VLOOKUP(E12&D12,Lists!C:E,3,FALSE) -> Wand/Orb | D12: House Regard | E12: Akaru | F12: Red | G12: 1 | H12: 1 | I12: 2 | J12: 244909 | K12: 229765 | L12: 229765 | M12: =I12/(HLOOKUP(F12,Team_Composition_23[[#All],[Yellow]:[Red]],10,FALSE)+HLOOKUP(F12,Team_Composition_23[[#All],[Yellow]:[Red]],11,FALSE)) -> 0.0024360536 | N12: =J12/HLOOKUP(F12,Team_Composition_23[[#All],[Yellow]:[Red]],6,FALSE) -> 0.013879477 | O12: =K12/HLOOKUP(F12,Team_Composition_23[[#All],[Yellow]:[Red]],8,FALSE) -> 0.005220041 | P12: =L12/HLOOKUP(F12,Team_Composition_23[[#All],[Yellow]:[Red]],7,FALSE) -> 0.0094676581 | R12: Kills | S12: =SUMIFS(Scoreboard_43[Kills],Scoreboard_43[Team],"Yellow") -> 297 | T12: =SUMIFS(Scoreboard_43[Kills],Scoreboard_43[Team],"Red") -> 307 | V12: =IFERROR(__xludf.DUMMYFUNCTION("""COMPUTED_VALUE"""),"Thundercats") -> Thundercats | W12: =IFERROR(__xludf.DUMMYFUNCTION("""COMPUTED_VALUE"""),1677203) -> 1677203 | Y12: =IFERROR(__xludf.DUMMYFUNCTION("""COMPUTED_VALUE"""),"K") -> K | Z12: =IFERROR(__xludf.DUMMYFUNCTION("""COMPUTED_VALUE"""),877506) -> 877506 | AB12: Kills | AC12: =SUMIFS(Scoreboard_43[Kills],Scoreboard_43[Guild],"House Regard") -> 335 | AD12: =SUMIFS(Scoreboard_43[Kills],Scoreboard_43[Guild],"Undercooked") -> 269
A13: 42 | B13: =VLOOKUP(C13,Lists!I:J,2,FALSE) -> Healer | C13: =VLOOKUP(E13&D13,Lists!C:E,3,FALSE) -> Wand/Orb | D13: Undercooked | E13: Soppressata | F13: Yellow | G13: 0 | H13: 67 | I13: 67 | J13: 199505 | K13: 178472 | L13: 178472 | M13: =I13/(HLOOKUP(F13,Team_Composition_23[[#All],[Yellow]:[Red]],10,FALSE)+HLOOKUP(F13,Team_Composition_23[[#All],[Yellow]:[Red]],11,FALSE)) -> 0.016745814 | N13: =J13/HLOOKUP(F13,Team_Composition_23[[#All],[Yellow]:[Red]],6,FALSE) -> 0.0044970435 | O13: =K13/HLOOKUP(F13,Team_Composition_23[[#All],[Yellow]:[Red]],8,FALSE) -> 0.010187477 | P13: =L13/HLOOKUP(F13,Team_Composition_23[[#All],[Yellow]:[Red]],7,FALSE) -> 0.013787185 | R13: Assists | S13: =SUMIFS(Scoreboard_43[Assists],Scoreboard_43[Team],"Yellow") -> 1262 | T13: =SUMIFS(Scoreboard_43[Assists],Scoreboard_43[Team],"Red") -> 1336 | V13: =IFERROR(__xludf.DUMMYFUNCTION("""COMPUTED_VALUE"""),"Ratatouille") -> Ratatouille | W13: =IFERROR(__xludf.DUMMYFUNCTION("""COMPUTED_VALUE"""),1589775) -> 1589775 | Y13: =IFERROR(__xludf.DUMMYFUNCTION("""COMPUTED_VALUE"""),"Margheritaa") -> Margheritaa | Z13: =IFERROR(__xludf.DUMMYFUNCTION("""COMPUTED_VALUE"""),832655) -> 832655 | AB13: Assists | AC13: =SUMIFS(Scoreboard_43[Kills],Scoreboard_43[Guild],"House Regard") -> 335 | AD13: =SUMIFS(Scoreboard_43[Assists],Scoreboard_43[Guild],"Undercooked") -> 1278
A14: 44 | B14: =VLOOKUP(C14,Lists!I:J,2,FALSE) -> Healer | C14: =VLOOKUP(E14&D14,Lists!C:E,3,FALSE) -> Wand/Orb | D14: House Regard | E14: Dusk | F14: Red | G14: 0 | H14: 53 | I14: 53 | J14: 225617 | K14: 633299 | L14: 633299 | M14: =I14/(HLOOKUP(F14,Team_Composition_23[[#All],[Yellow]:[Red]],10,FALSE)+HLOOKUP(F14,Team_Composition_23[[#All],[Yellow]:[Red]],11,FALSE)) -> 0.06455542 | N14: =J14/HLOOKUP(F14,Team_Composition_23[[#All],[Yellow]:[Red]],6,FALSE) -> 0.012786162 | O14: =K14/HLOOKUP(F14,Team_Composition_23[[#All],[Yellow]:[Red]],8,FALSE) -> 0.014387947 | P14: =L14/HLOOKUP(F14,Team_Composition_23[[#All],[Yellow]:[Red]],7,FALSE) -> 0.026095613 | S14: =SUM(S4:S7) -> 37 | T14: =SUM(T4:T7) -> 39
A15: 45 | B15: =VLOOKUP(C15,Lists!I:J,2,FALSE) -> Healer | C15: =VLOOKUP(E15&D15,Lists!C:E,3,FALSE) -> Wand/Orb | D15: House Regard | E15: hammyjammy | F15: Yellow | G15: 0 | H15: 46 | I15: 46 | J15: 369826 | K15: 656170 | L15: 656170 | M15: =I15/(HLOOKUP(F15,Team_Composition_23[[#All],[Yellow]:[Red]],10,FALSE)+HLOOKUP(F15,Team_Composition_23[[#All],[Yellow]:[Red]],11,FALSE)) -> 0.011497126 | N15: =J15/HLOOKUP(F15,Team_Composition_23[[#All],[Yellow]:[Red]],6,FALSE) -> 0.0083362503 | O15: =K15/HLOOKUP(F15,Team_Composition_23[[#All],[Yellow]:[Red]],8,FALSE) -> 0.03745527 | P15: =L15/HLOOKUP(F15,Team_Composition_23[[#All],[Yellow]:[Red]],7,FALSE) -> 0.050689954 | R15: Melee DPS | V15: Top Damage Taken | Y15: Top Amount Healed | AB15: Melee DPS
A16: 46 | B16: =VLOOKUP(C16,Lists!I:J,2,FALSE) -> Healer | C16: =VLOOKUP(E16&D16,Lists!C:E,3,FALSE) -> Wand/Orb | D16: Undercooked | E16: Milkshake | F16: Red | G16: 0 | H16: 45 | I16: 45 | J16: 298728 | K16: 527609 | L16: 527609 | M16: =I16/(HLOOKUP(F16,Team_Composition_23[[#All],[Yellow]:[Red]],10,FALSE)+HLOOKUP(F16,Team_Composition_23[[#All],[Yellow]:[Red]],11,FALSE)) -> 0.054811206 | N16: =J16/HLOOKUP(F16,Team_Composition_23[[#All],[Yellow]:[Red]],6,FALSE) -> 0.016929507 | O16: =K16/HLOOKUP(F16,Team_Composition_23[[#All],[Yellow]:[Red]],8,FALSE) -> 0.011986772 | P16: =L16/HLOOKUP(F16,Team_Composition_23[[#All],[Yellow]:[Red]],7,FALSE) -> 0.021740568 | R16: Data | S16: Yellow | T16: Red | V16: Name | W16: DT | Y16: Name | Z16: Healed | AB16: Data | AC16: BR | AD16: Undercooked
A17: 47 | B17: =VLOOKUP(C17,Lists!I:J,2,FALSE) -> Healer | C17: =VLOOKUP(E17&D17,Lists!C:E,3,FALSE) -> Wand/Orb | D17: House Regard | E17: ReinaKertia | F17: Red | G17: 0 | H17: 43 | I17: 43 | J17: 183047 | K17: 440447 | L17: 440447 | M17: =I17/(HLOOKUP(F17,Team_Composition_23[[#All],[Yellow]:[Red]],10,FALSE)+HLOOKUP(F17,Team_Composition_23[[#All],[Yellow]:[Red]],11,FALSE)) -> 0.052375152 | N17: =J17/HLOOKUP(F17,Team_Composition_23[[#All],[Yellow]:[Red]],6,FALSE) -> 0.010373636 | O17: =K17/HLOOKUP(F17,Team_Composition_23[[#All],[Yellow]:[Red]],8,FALSE) -> 0.010006534 | P17: =L17/HLOOKUP(F17,Team_Composition_23[[#All],[Yellow]:[Red]],7,FALSE) -> 0.018148985 | R17: Damage Dealt | S17: =SUMIFS(Scoreboard_43[Damage Dealt],Scoreboard_43[Role],"Melee DPS",Scoreboard_43[Team],"Yellow") -> 4801386 | T17: =SUMIFS(Scoreboard_43[Damage Dealt],Scoreboard_43[Role],"Melee DPS",Scoreboard_43[Team],"Red") -> 4080298 | V17: =IFERROR(__xludf.DUMMYFUNCTION("query(A1:P238, ""Select E,K Order by K Desc Limit 10"", 0)"),"apgonzo") -> apgonzo | W17: =IFERROR(__xludf.DUMMYFUNCTION("""COMPUTED_VALUE"""),2498131) -> 2498131 | Y17: =IFERROR(__xludf.DUMMYFUNCTION("query(A1:P238, ""Select E,L Order by L Desc Limit 10"", 0)"),"apgonzo") -> apgonzo | Z17: =IFERROR(__xludf.DUMMYFUNCTION("""COMPUTED_VALUE"""),2498131) -> 2498131 | AB17: Damage Dealt | AC17: =SUMIFS(Scoreboard_43[Damage Dealt],Scoreboard_43[Role],"Melee DPS",Scoreboard_43[Guild],"House Regard") -> 6100205 | AD17: =SUMIFS(Scoreboard_43[Damage Dealt],Scoreboard_43[Role],"Melee DPS",Scoreboard_43[Guild],"Undercooked") -> 2781479
A18: 48 | B18: =VLOOKUP(C18,Lists!I:J,2,FALSE) -> Healer | C18: =VLOOKUP(E18&D18,Lists!C:E,3,FALSE) -> Wand/Orb | D18: House Regard | E18: Spicieee | F18: Yellow | G18: 0 | H18: 43 | I18: 43 | J18: 170699 | K18: 357229 | L18: 357229 | M18: =I18/(HLOOKUP(F18,Team_Composition_23[[#All],[Yellow]:[Red]],10,FALSE)+HLOOKUP(F18,Team_Composition_23[[#All],[Yellow]:[Red]],11,FALSE)) -> 0.010747313 | N18: =J18/HLOOKUP(F18,Team_Composition_23[[#All],[Yellow]:[Red]],6,FALSE) -> 0.0038477273 | O18: =K18/HLOOKUP(F18,Team_Composition_23[[#All],[Yellow]:[Red]],8,FALSE) -> 0.020391223 | P18: =L18/HLOOKUP(F18,Team_Composition_23[[#All],[Yellow]:[Red]],7,FALSE) -> 0.027596388 | R18: Damage Taken | S18: =SUMIFS(Scoreboard_43[Damage Taken],Scoreboard_43[Role],"Melee DPS",Scoreboard_43[Team],"Yellow") -> 1023169 | T18: =SUMIFS(Scoreboard_43[Damage Taken],Scoreboard_43[Role],"Melee DPS",Scoreboard_43[Team],"Red") -> 117029 | V18: =IFERROR(__xludf.DUMMYFUNCTION("""COMPUTED_VALUE"""),"Z") -> Z | W18: =IFERROR(__xludf.DUMMYFUNCTION("""COMPUTED_VALUE"""),1801633) -> 1801633 | Y18: =IFERROR(__xludf.DUMMYFUNCTION("""COMPUTED_VALUE"""),"Z") -> Z | Z18: =IFERROR(__xludf.DUMMYFUNCTION("""COMPUTED_VALUE"""),1801633) -> 1801633 | AB18: Damage Taken | AC18: =SUMIFS(Scoreboard_43[Damage Taken],Scoreboard_43[Role],"Melee DPS",Scoreboard_43[Guild],"House Regard") -> 144968 | AD18: =SUMIFS(Scoreboard_43[Damage Taken],Scoreboard_43[Role],"Melee DPS",Scoreboard_43[Guild],"Undercooked") -> 995230
A19: 51 | B19: =VLOOKUP(C19,Lists!I:J,2,FALSE) -> Healer | C19: =VLOOKUP(E19&D19,Lists!C:E,3,FALSE) -> Wand/Orb | D19: House Regard | E19: Curufinwei | F19: Red | G19: 0 | H19: 35 | I19: 35 | J19: 320772 | K19: 1014984 | L19: 1014984 | M19: =I19/(HLOOKUP(F19,Team_Composition_23[[#All],[Yellow]:[Red]],10,FALSE)+HLOOKUP(F19,Team_Composition_23[[#All],[Yellow]:[Red]],11,FALSE)) -> 0.042630938 | N19: =J19/HLOOKUP(F19,Team_Composition_23[[#All],[Yellow]:[Red]],6,FALSE) -> 0.018178784 | O19: =K19/HLOOKUP(F19,Team_Composition_23[[#All],[Yellow]:[Red]],8,FALSE) -> 0.023059465 | P19: =L19/HLOOKUP(F19,Team_Composition_23[[#All],[Yellow]:[Red]],7,FALSE) -> 0.041823261 | R19: Amount Healed | S19: =SUMIFS(Scoreboard_43[Amount Healed],Scoreboard_43[Role],"Melee DPS",Scoreboard_43[Team],"Yellow") -> 1023169 | T19: =SUMIFS(Scoreboard_43[Amount Healed],Scoreboard_43[Role],"Melee DPS",Scoreboard_43[Team],"Red") -> 117029 | V19: =IFERROR(__xludf.DUMMYFUNCTION("""COMPUTED_VALUE"""),"ShiFood") -> ShiFood | W19: =IFERROR(__xludf.DUMMYFUNCTION("""COMPUTED_VALUE"""),1618583) -> 1618583 | Y19: =IFERROR(__xludf.DUMMYFUNCTION("""COMPUTED_VALUE"""),"ShiFood") -> ShiFood | Z19: =IFERROR(__xludf.DUMMYFUNCTION("""COMPUTED_VALUE"""),1618583) -> 1618583 | AB19: Amount Healed | AC19: =SUMIFS(Scoreboard_43[Amount Healed],Scoreboard_43[Role],"Melee DPS",Scoreboard_43[Guild],"House Regard") -> 144968 | AD19: =SUMIFS(Scoreboard_43[Amount Healed],Scoreboard_43[Role],"Melee DPS",Scoreboard_43[Guild],"Undercooked") -> 995230
A20: 55 | B20: =VLOOKUP(C20,Lists!I:J,2,FALSE) -> Healer | C20: =VLOOKUP(E20&D20,Lists!C:E,3,FALSE) -> Wand/Orb | D20: House Regard | E20: nap | F20: Red | G20: 0 | H20: 32 | I20: 32 | J20: 441889 | K20: 809053 | L20: 809053 | M20: =I20/(HLOOKUP(F20,Team_Composition_23[[#All],[Yellow]:[Red]],10,FALSE)+HLOOKUP(F20,Team_Composition_23[[#All],[Yellow]:[Red]],11,FALSE)) -> 0.038976857 | N20: =J20/HLOOKUP(F20,Team_Composition_23[[#All],[Yellow]:[Red]],6,FALSE) -> 0.025042724 | O20: =K20/HLOOKUP(F20,Team_Composition_23[[#All],[Yellow]:[Red]],8,FALSE) -> 0.01838091 | P20: =L20/HLOOKUP(F20,Team_Composition_23[[#All],[Yellow]:[Red]],7,FALSE) -> 0.033337703 | R20: Kills | S20: =SUMIFS(Scoreboard_43[Kills],Scoreboard_43[Role],"Melee DPS",Scoreboard_43[Team],"Yellow") -> 80 | T20: =SUMIFS(Scoreboard_43[Kills],Scoreboard_43[Role],"Melee DPS",Scoreboard_43[Team],"Red") -> 125 | V20: =IFERROR(__xludf.DUMMYFUNCTION("""COMPUTED_VALUE"""),"Bunnie") -> Bunnie | W20: =IFERROR(__xludf.DUMMYFUNCTION("""COMPUTED_VALUE"""),1396898) -> 1396898 | Y20: =IFERROR(__xludf.DUMMYFUNCTION("""COMPUTED_VALUE"""),"Bunnie") -> Bunnie | Z20: =IFERROR(__xludf.DUMMYFUNCTION("""COMPUTED_VALUE"""),1396898) -> 1396898 | AB20: Kills | AC20: =SUMIFS(Scoreboard_43[Kills],Scoreboard_43[Role],"Melee DPS",Scoreboard_43[Guild],"House Regard") -> 139 | AD20: =SUMIFS(Scoreboard_43[Kills],Scoreboard_43[Role],"Melee DPS",Scoreboard_43[Guild],"Undercooked") -> 66
A21: 56 | B21: =VLOOKUP(C21,Lists!I:J,2,FALSE) -> Healer | C21: =VLOOKUP(E21&D21,Lists!C:E,3,FALSE) -> Wand/Orb | D21: Undercooked | E21: Danimals | F21: Yellow | G21: 0 | H21: 31 | I21: 31 | J21: 365314 | K21: 791872 | L21: 791872 | M21: =I21/(HLOOKUP(F21,Team_Composition_23[[#All],[Yellow]:[Red]],10,FALSE)+HLOOKUP(F21,Team_Composition_23[[#All],[Yellow]:[Red]],11,FALSE)) -> 0.007748063 | N21: =J21/HLOOKUP(F21,Team_Composition_23[[#All],[Yellow]:[Red]],6,FALSE) -> 0.0082345453 | O21: =K21/HLOOKUP(F21,Team_Composition_23[[#All],[Yellow]:[Red]],8,FALSE) -> 0.045201365 | P21: =L21/HLOOKUP(F21,Team_Composition_23[[#All],[Yellow]:[Red]],7,FALSE) -> 0.061173104 | R21: Assists | S21: =SUMIFS(Scoreboard_43[Assists],Scoreboard_43[Role],"Melee DPS",Scoreboard_43[Team],"Yellow") -> 162 | T21: =SUMIFS(Scoreboard_43[Assists],Scoreboard_43[Role],"Melee DPS",Scoreboard_43[Team],"Red") -> 257 | V21: =IFERROR(__xludf.DUMMYFUNCTION("""COMPUTED_VALUE"""),"MICTECACIHUATL") -> MICTECACIHUATL | W21: =IFERROR(__xludf.DUMMYFUNCTION("""COMPUTED_VALUE"""),1384441) -> 1384441 | Y21: =IFERROR(__xludf.DUMMYFUNCTION("""COMPUTED_VALUE"""),"MICTECACIHUATL") -> MICTECACIHUATL | Z21: =IFERROR(__xludf.DUMMYFUNCTION("""COMPUTED_VALUE"""),1384441) -> 1384441 | AB21: Assists | AC21: =SUMIFS(Scoreboard_43[Assists],Scoreboard_43[Role],"Melee DPS",Scoreboard_43[Guild],"House Regard") -> 249 | AD21: =SUMIFS(Scoreboard_43[Assists],Scoreboard_43[Role],"Melee DPS",Scoreboard_43[Guild],"Undercooked") -> 170
A22: 58 | B22: =VLOOKUP(C22,Lists!I:J,2,FALSE) -> Healer | C22: =VLOOKUP(E22&D22,Lists!C:E,3,FALSE) -> Wand/Orb | D22: House Regard | E22: Purple | F22: Yellow | G22: 0 | H22: 29 | I22: 29 | J22: 509347 | K22: 1269253 | L22: 1269253 | M22: =I22/(HLOOKUP(F22,Team_Composition_23[[#All],[Yellow]:[Red]],10,FALSE)+HLOOKUP(F22,Team_Composition_23[[#All],[Yellow]:[Red]],11,FALSE)) -> 0.007248188 | N22: =J22/HLOOKUP(F22,Team_Composition_23[[#All],[Yellow]:[Red]],6,FALSE) -> 0.011481194 | O22: =K22/HLOOKUP(F22,Team_Composition_23[[#All],[Yellow]:[Red]],8,FALSE) -> 0.072451063 | P22: =L22/HLOOKUP(F22,Team_Composition_23[[#All],[Yellow]:[Red]],7,FALSE) -> 0.098051384 | R22: Spear/Dagger | S22: =COUNTIFS(C:C,R22,F:F,"Yellow") -> 0 | T22: =COUNTIFS(C:C,R22,F:F,"Red") -> 2 | V22: =IFERROR(__xludf.DUMMYFUNCTION("""COMPUTED_VALUE"""),"Purple") -> Purple | W22: =IFERROR(__xludf.DUMMYFUNCTION("""COMPUTED_VALUE"""),1269253) -> 1269253 | Y22: =IFERROR(__xludf.DUMMYFUNCTION("""COMPUTED_VALUE"""),"Purple") -> Purple | Z22: =IFERROR(__xludf.DUMMYFUNCTION("""COMPUTED_VALUE"""),1269253) -> 1269253 | AB22: Spear/Dagger | AC22: =COUNTIFS(C:C,AB22,D:D,"House Regard") -> 1 | AD22: =COUNTIFS(C:C,AB22,D:D,"Undercooked") -> 1
A23: 59 | B23: =VLOOKUP(C23,Lists!I:J,2,FALSE) -> Healer | C23: =VLOOKUP(E23&D23,Lists!C:E,3,FALSE) -> Wand/Orb | D23: Undercooked | E23: Flan | F23: Red | G23: 0 | H23: 29 | I23: 29 | J23: 202004 | K23: 613719 | L23: 613719 | M23: =I23/(HLOOKUP(F23,Team_Composition_23[[#All],[Yellow]:[Red]],10,FALSE)+HLOOKUP(F23,Team_Composition_23[[#All],[Yellow]:[Red]],11,FALSE)) -> 0.035322777 | N23: =J23/HLOOKUP(F23,Team_Composition_23[[#All],[Yellow]:[Red]],6,FALSE) -> 0.011447966 | O23: =K23/HLOOKUP(F23,Team_Composition_23[[#All],[Yellow]:[Red]],8,FALSE) -> 0.013943109 | P23: =L23/HLOOKUP(F23,Team_Composition_23[[#All],[Yellow]:[Red]],7,FALSE) -> 0.025288802 | R23: Greatsword/Dagger | S23: =COUNTIFS(C:C,R23,F:F,"Yellow") -> 2 | T23: =COUNTIFS(C:C,R23,F:F,"Red") -> 3 | V23: =IFERROR(__xludf.DUMMYFUNCTION("""COMPUTED_VALUE"""),"Biscuit") -> Biscuit | W23: =IFERROR(__xludf.DUMMYFUNCTION("""COMPUTED_VALUE"""),1227758) -> 1227758 | Y23: =IFERROR(__xludf.DUMMYFUNCTION("""COMPUTED_VALUE"""),"Biscuit") -> Biscuit | Z23: =IFERROR(__xludf.DUMMYFUNCTION("""COMPUTED_VALUE"""),1227758) -> 1227758 | AB23: Greatsword/Dagger | AC23: =COUNTIFS(C:C,AB23,D:D,"House Regard") -> 2 | AD23: =COUNTIFS(C:C,AB23,D:D,"Undercooked") -> 3
A24: 60 | B24: =VLOOKUP(C24,Lists!I:J,2,FALSE) -> Healer | C24: =VLOOKUP(E24&D24,Lists!C:E,3,FALSE) -> Wand/Orb | D24: Undercooked | E24: egg | F24: Red | G24: 0 | H24: 28 | I24: 28 | J24: 273506 | K24: 718690 | L24: 718690 | M24: =I24/(HLOOKUP(F24,Team_Composition_23[[#All],[Yellow]:[Red]],10,FALSE)+HLOOKUP(F24,Team_Composition_23[[#All],[Yellow]:[Red]],11,FALSE)) -> 0.03410475 | N24: =J24/HLOOKUP(F24,Team_Composition_23[[#All],[Yellow]:[Red]],6,FALSE) -> 0.015500126 | O24: =K24/HLOOKUP(F24,Team_Composition_23[[#All],[Yellow]:[Red]],8,FALSE) -> 0.016327949 | P24: =L24/HLOOKUP(F24,Team_Composition_23[[#All],[Yellow]:[Red]],7,FALSE) -> 0.02961422 | R24: Greatsword/Spear | S24: =COUNTIFS(C:C,R24,F:F,"Yellow") -> 4 | T24: =COUNTIFS(C:C,R24,F:F,"Red") -> 3 | V24: =IFERROR(__xludf.DUMMYFUNCTION("""COMPUTED_VALUE"""),"Reinnier") -> Reinnier | W24: =IFERROR(__xludf.DUMMYFUNCTION("""COMPUTED_VALUE"""),1189910) -> 1189910 | Y24: =IFERROR(__xludf.DUMMYFUNCTION("""COMPUTED_VALUE"""),"Reinnier") -> Reinnier | Z24: =IFERROR(__xludf.DUMMYFUNCTION("""COMPUTED_VALUE"""),1189910) -> 1189910 | AB24: Greatsword/Spear | AC24: =COUNTIFS(C:C,AB24,D:D,"House Regard") -> 4 | AD24: =COUNTIFS(C:C,AB24,D:D,"Undercooked") -> 3
A25: 66 | B25: =VLOOKUP(C25,Lists!I:J,2,FALSE) -> Healer | C25: =VLOOKUP(E25&D25,Lists!C:E,3,FALSE) -> Wand/Orb | D25: House Regard | E25: Abix | F25: Yellow | G25: 0 | H25: 23 | I25: 23 | J25: 211921 | K25: 432564 | L25: 432564 | M25: =I25/(HLOOKUP(F25,Team_Composition_23[[#All],[Yellow]:[Red]],10,FALSE)+HLOOKUP(F25,Team_Composition_23[[#All],[Yellow]:[Red]],11,FALSE)) -> 0.0057485629 | N25: =J25/HLOOKUP(F25,Team_Composition_23[[#All],[Yellow]:[Red]],6,FALSE) -> 0.0047769127 | O25: =K25/HLOOKUP(F25,Team_Composition_23[[#All],[Yellow]:[Red]],8,FALSE) -> 0.024691469 | P25: =L25/HLOOKUP(F25,Team_Composition_23[[#All],[Yellow]:[Red]],7,FALSE) -> 0.033416111 | R25: Greatsword/Wand | S25: =COUNTIFS(C:C,R25,F:F,"Yellow") -> 0 | T25: =COUNTIFS(C:C,R25,F:F,"Red") -> 0 | V25: =IFERROR(__xludf.DUMMYFUNCTION("""COMPUTED_VALUE"""),"syrup") -> syrup | W25: =IFERROR(__xludf.DUMMYFUNCTION("""COMPUTED_VALUE"""),1066213) -> 1066213 | Y25: =IFERROR(__xludf.DUMMYFUNCTION("""COMPUTED_VALUE"""),"syrup") -> syrup | Z25: =IFERROR(__xludf.DUMMYFUNCTION("""COMPUTED_VALUE"""),1066213) -> 1066213 | AB25: Greatsword/Wand | AC25: =COUNTIFS(C:C,AB25,D:D,"House Regard") -> 0 | AD25: =COUNTIFS(C:C,AB25,D:D,"Undercooked") -> 0
A26: 70 | B26: =VLOOKUP(C26,Lists!I:J,2,FALSE) -> Healer | C26: =VLOOKUP(E26&D26,Lists!C:E,3,FALSE) -> Wand/Orb | D26: Undercooked | E26: BEARCLAW | F26: Red | G26: 0 | H26: 19 | I26: 19 | J26: 255452 | K26: 253114 | L26: 253114 | M26: =I26/(HLOOKUP(F26,Team_Composition_23[[#All],[Yellow]:[Red]],10,FALSE)+HLOOKUP(F26,Team_Composition_23[[#All],[Yellow]:[Red]],11,FALSE)) -> 0.023142509 | N26: =J26/HLOOKUP(F26,Team_Composition_23[[#All],[Yellow]:[Red]],6,FALSE) -> 0.01447697 | O26: =K26/HLOOKUP(F26,Team_Composition_23[[#All],[Yellow]:[Red]],8,FALSE) -> 0.0057505079 | P26: =L26/HLOOKUP(F26,Team_Composition_23[[#All],[Yellow]:[Red]],7,FALSE) -> 0.010429773 | V26: =IFERROR(__xludf.DUMMYFUNCTION("""COMPUTED_VALUE"""),"EgirlWaifu") -> EgirlWaifu | W26: =IFERROR(__xludf.DUMMYFUNCTION("""COMPUTED_VALUE"""),1024031) -> 1024031 | Y26: =IFERROR(__xludf.DUMMYFUNCTION("""COMPUTED_VALUE"""),"EgirlWaifu") -> EgirlWaifu | Z26: =IFERROR(__xludf.DUMMYFUNCTION("""COMPUTED_VALUE"""),1024031) -> 1024031
A27: 72 | B27: =VLOOKUP(C27,Lists!I:J,2,FALSE) -> Healer | C27: =VLOOKUP(E27&D27,Lists!C:E,3,FALSE) -> Wand/Orb | D27: Undercooked | E27: Tiramisu | F27: Red | G27: 0 | H27: 17 | I27: 17 | J27: 230041 | K27: 249907 | L27: 249907 | M27: =I27/(HLOOKUP(F27,Team_Composition_23[[#All],[Yellow]:[Red]],10,FALSE)+HLOOKUP(F27,Team_Composition_23[[#All],[Yellow]:[Red]],11,FALSE)) -> 0.020706456 | N27: =J27/HLOOKUP(F27,Team_Composition_23[[#All],[Yellow]:[Red]],6,FALSE) -> 0.013036878 | O27: =K27/HLOOKUP(F27,Team_Composition_23[[#All],[Yellow]:[Red]],8,FALSE) -> 0.0056776479 | P27: =L27/HLOOKUP(F27,Team_Composition_23[[#All],[Yellow]:[Red]],7,FALSE) -> 0.010297626
A28: 77 | B28: =VLOOKUP(C28,Lists!I:J,2,FALSE) -> Healer | C28: =VLOOKUP(E28&D28,Lists!C:E,3,FALSE) -> Wand/Orb | D28: Undercooked | E28: Mustard | F28: Red | G28: 0 | H28: 14 | I28: 14 | J28: 287962 | K28: 423831 | L28: 423831 | M28: =I28/(HLOOKUP(F28,Team_Composition_23[[#All],[Yellow]:[Red]],10,FALSE)+HLOOKUP(F28,Team_Composition_23[[#All],[Yellow]:[Red]],11,FALSE)) -> 0.017052375 | N28: =J28/HLOOKUP(F28,Team_Composition_23[[#All],[Yellow]:[Red]],6,FALSE) -> 0.016319376 | O28: =K28/HLOOKUP(F28,Team_Composition_23[[#All],[Yellow]:[Red]],8,FALSE) -> 0.0096290348 | P28: =L28/HLOOKUP(F28,Team_Composition_23[[#All],[Yellow]:[Red]],7,FALSE) -> 0.017464309 | R28: Ranged DPS | AB28: Ranged DPS
A29: 96 | B29: =VLOOKUP(C29,Lists!I:J,2,FALSE) -> Healer | C29: =VLOOKUP(E29&D29,Lists!C:E,3,FALSE) -> Wand/Orb | D29: Undercooked | E29: Hazelnut | F29: Yellow | G29: 0 | H29: 2 | I29: 2 | J29: 188226 | K29: 473617 | L29: 473617 | M29: =I29/(HLOOKUP(F29,Team_Composition_23[[#All],[Yellow]:[Red]],10,FALSE)+HLOOKUP(F29,Team_Composition_23[[#All],[Yellow]:[Red]],11,FALSE)) -> 0.00049987503 | N29: =J29/HLOOKUP(F29,Team_Composition_23[[#All],[Yellow]:[Red]],6,FALSE) -> 0.0042428035 | O29: =K29/HLOOKUP(F29,Team_Composition_23[[#All],[Yellow]:[Red]],8,FALSE) -> 0.027034843 | P29: =L29/HLOOKUP(F29,Team_Composition_23[[#All],[Yellow]:[Red]],7,FALSE) -> 0.036587506 | R29: Data | S29: Yellow | T29: Red | AB29: Data | AC29: BR | AD29: Undercooked
A30: 41 | B30: =VLOOKUP(C30,Lists!I:J,2,FALSE) -> Healer | C30: =VLOOKUP(E30&D30,Lists!C:E,3,FALSE) -> Wand/Longbow | D30: Undercooked | E30: Biscuit | F30: Yellow | G30: 0 | H30: 74 | I30: 74 | J30: 108368 | K30: 1227758 | L30: 1227758 | M30: =I30/(HLOOKUP(F30,Team_Composition_23[[#All],[Yellow]:[Red]],10,FALSE)+HLOOKUP(F30,Team_Composition_23[[#All],[Yellow]:[Red]],11,FALSE)) -> 0.018495376 | N30: =J30/HLOOKUP(F30,Team_Composition_23[[#All],[Yellow]:[Red]],6,FALSE) -> 0.0024427238 | O30: =K30/HLOOKUP(F30,Team_Composition_23[[#All],[Yellow]:[Red]],8,FALSE) -> 0.07008246 | P30: =L30/HLOOKUP(F30,Team_Composition_23[[#All],[Yellow]:[Red]],7,FALSE) -> 0.094845843 | R30: Damage Dealt | S30: =SUMIFS(Scoreboard_43[Damage Dealt],Scoreboard_43[Role],"Ranged DPS",Scoreboard_43[Team],"Yellow") -> 2948867 | T30: =SUMIFS(Scoreboard_43[Damage Dealt],Scoreboard_43[Role],"Ranged DPS",Scoreboard_43[Team],"Red") -> 3191188 | AB30: Damage Dealt | AC30: =SUMIFS(Scoreboard_43[Damage Dealt],Scoreboard_43[Role],"Ranged DPS",Scoreboard_43[Guild],"House Regard") -> 3672513 | AD30: =SUMIFS(Scoreboard_43[Damage Dealt],Scoreboard_43[Role],"Ranged DPS",Scoreboard_43[Guild],"Undercooked") -> 2467542
A31: 43 | B31: =VLOOKUP(C31,Lists!I:J,2,FALSE) -> Healer | C31: =VLOOKUP(E31&D31,Lists!C:E,3,FALSE) -> Wand/Longbow | D31: House Regard | E31: Z | F31: Red | G31: 0 | H31: 65 | I31: 65 | J31: 491494 | K31: 1801633 | L31: 1801633 | M31: =I31/(HLOOKUP(F31,Team_Composition_23[[#All],[Yellow]:[Red]],10,FALSE)+HLOOKUP(F31,Team_Composition_23[[#All],[Yellow]:[Red]],11,FALSE)) -> 0.079171742 | N31: =J31/HLOOKUP(F31,Team_Composition_23[[#All],[Yellow]:[Red]],6,FALSE) -> 0.027853937 | O31: =K31/HLOOKUP(F31,Team_Composition_23[[#All],[Yellow]:[Red]],8,FALSE) -> 0.040931378 | P31: =L31/HLOOKUP(F31,Team_Composition_23[[#All],[Yellow]:[Red]],7,FALSE) -> 0.074237788 | R31: Damage Taken | S31: =SUMIFS(Scoreboard_43[Damage Taken],Scoreboard_43[Role],"Ranged DPS",Scoreboard_43[Team],"Yellow") -> 65007 | T31: =SUMIFS(Scoreboard_43[Damage Taken],Scoreboard_43[Role],"Ranged DPS",Scoreboard_43[Team],"Red") -> 167566 | AB31: Damage Taken | AC31: =SUMIFS(Scoreboard_43[Damage Taken],Scoreboard_43[Role],"Ranged DPS",Scoreboard_43[Guild],"House Regard") -> 191289 | AD31: =SUMIFS(Scoreboard_43[Damage Taken],Scoreboard_43[Role],"Ranged DPS",Scoreboard_43[Guild],"Undercooked") -> 41284
A32: 49 | B32: =VLOOKUP(C32,Lists!I:J,2,FALSE) -> Healer | C32: =VLOOKUP(E32&D32,Lists!C:E,3,FALSE) -> Wand/Longbow | D32: House Regard | E32: Tagato | F32: Yellow | G32: 0 | H32: 38 | I32: 38 | J32: 200675 | K32: 700329 | L32: 700329 | M32: =I32/(HLOOKUP(F32,Team_Composition_23[[#All],[Yellow]:[Red]],10,FALSE)+HLOOKUP(F32,Team_Composition_23[[#All],[Yellow]:[Red]],11,FALSE)) -> 0.0094976256 | N32: =J32/HLOOKUP(F32,Team_Composition_23[[#All],[Yellow]:[Red]],6,FALSE) -> 0.0045234165 | O32: =K32/HLOOKUP(F32,Team_Composition_23[[#All],[Yellow]:[Red]],8,FALSE) -> 0.039975939 | P32: =L32/HLOOKUP(F32,Team_Composition_23[[#All],[Yellow]:[Red]],7,FALSE) -> 0.054101292 | R32: Amount Healed | S32: =SUMIFS(Scoreboard_43[Amount Healed],Scoreboard_43[Role],"Ranged DPS",Scoreboard_43[Team],"Yellow") -> 65007 | T32: =SUMIFS(Scoreboard_43[Amount Healed],Scoreboard_43[Role],"Ranged DPS",Scoreboard_43[Team],"Red") -> 167566 | AB32: Amount Healed | AC32: =SUMIFS(Scoreboard_43[Amount Healed],Scoreboard_43[Role],"Ranged DPS",Scoreboard_43[Guild],"House Regard") -> 191289 | AD32: =SUMIFS(Scoreboard_43[Amount Healed],Scoreboard_43[Role],"Ranged DPS",Scoreboard_43[Guild],"Undercooked") -> 41284
A33: 52 | B33: =VLOOKUP(C33,Lists!I:J,2,FALSE) -> Healer | C33: =VLOOKUP(E33&D33,Lists!C:E,3,FALSE) -> Wand/Longbow | D33: House Regard | E33: BombaTrix | F33: Yellow | G33: 0 | H33: 33 | I33: 33 | J33: 137358 | K33: 875952 | L33: 875952 | M33: =I33/(HLOOKUP(F33,Team_Composition_23[[#All],[Yellow]:[Red]],10,FALSE)+HLOOKUP(F33,Team_Composition_23[[#All],[Yellow]:[Red]],11,FALSE)) -> 0.008247938 | N33: =J33/HLOOKUP(F33,Team_Composition_23[[#All],[Yellow]:[Red]],6,FALSE) -> 0.0030961876 | O33: =K33/HLOOKUP(F33,Team_Composition_23[[#All],[Yellow]:[Red]],8,FALSE) -> 0.050000791 | P33: =L33/HLOOKUP(F33,Team_Composition_23[[#All],[Yellow]:[Red]],7,FALSE) -> 0.067668389 | R33: Kills | S33: =SUMIFS(Scoreboard_43[Kills],Scoreboard_43[Role],"Ranged DPS",Scoreboard_43[Team],"Yellow") -> 56 | T33: =SUMIFS(Scoreboard_43[Kills],Scoreboard_43[Role],"Ranged DPS",Scoreboard_43[Team],"Red") -> 115 | AB33: Kills | AC33: =SUMIFS(Scoreboard_43[Kills],Scoreboard_43[Role],"Ranged DPS",Scoreboard_43[Guild],"House Regard") -> 113 | AD33: =SUMIFS(Scoreboard_43[Kills],Scoreboard_43[Role],"Ranged DPS",Scoreboard_43[Guild],"Undercooked") -> 58
A34: 53 | B34: =VLOOKUP(C34,Lists!I:J,2,FALSE) -> Healer | C34: =VLOOKUP(E34&D34,Lists!C:E,3,FALSE) -> Wand/Longbow | D34: House Regard | E34: apgonzo | F34: Yellow | G34: 0 | H34: 32 | I34: 32 | J34: 383130 | K34: 2498131 | L34: 2498131 | M34: =I34/(HLOOKUP(F34,Team_Composition_23[[#All],[Yellow]:[Red]],10,FALSE)+HLOOKUP(F34,Team_Composition_23[[#All],[Yellow]:[Red]],11,FALSE)) -> 0.0079980005 | N34: =J34/HLOOKUP(F34,Team_Composition_23[[#All],[Yellow]:[Red]],6,FALSE) -> 0.0086361359 | O34: =K34/HLOOKUP(F34,Team_Composition_23[[#All],[Yellow]:[Red]],8,FALSE) -> 0.14259745 | P34: =L34/HLOOKUP(F34,Team_Composition_23[[#All],[Yellow]:[Red]],7,FALSE) -> 0.19298375 | R34: Assists | S34: =SUMIFS(Scoreboard_43[Assists],Scoreboard_43[Role],"Ranged DPS",Scoreboard_43[Team],"Yellow") -> 147 | T34: =SUMIFS(Scoreboard_43[Assists],Scoreboard_43[Role],"Ranged DPS",Scoreboard_43[Team],"Red") -> 234 | AB34: Assists | AC34: =SUMIFS(Scoreboard_43[Assists],Scoreboard_43[Role],"Ranged DPS",Scoreboard_43[Guild],"House Regard") -> 161 | AD34: =SUMIFS(Scoreboard_43[Assists],Scoreboard_43[Role],"Ranged DPS",Scoreboard_43[Guild],"Undercooked") -> 220
A35: 54 | B35: =VLOOKUP(C35,Lists!I:J,2,FALSE) -> Healer | C35: =VLOOKUP(E35&D35,Lists!C:E,3,FALSE) -> Wand/Longbow | D35: House Regard | E35: Reinnier | F35: Red | G35: 0 | H35: 32 | I35: 32 | J35: 313879 | K35: 1189910 | L35: 1189910 | M35: =I35/(HLOOKUP(F35,Team_Composition_23[[#All],[Yellow]:[Red]],10,FALSE)+HLOOKUP(F35,Team_Composition_23[[#All],[Yellow]:[Red]],11,FALSE)) -> 0.038976857 | N35: =J35/HLOOKUP(F35,Team_Composition_23[[#All],[Yellow]:[Red]],6,FALSE) -> 0.017788144 | O35: =K35/HLOOKUP(F35,Team_Composition_23[[#All],[Yellow]:[Red]],8,FALSE) -> 0.027033617 | P35: =L35/HLOOKUP(F35,Team_Composition_23[[#All],[Yellow]:[Red]],7,FALSE) -> 0.049031232 | R35: Crossbow/Dagger | S35: =COUNTIFS(C:C,R35,F:F,"Yellow") -> 3 | T35: =COUNTIFS(C:C,R35,F:F,"Red") -> 2 | AB35: Crossbow/Dagger | AC35: =COUNTIFS(C:C,AB35,D:D,"House Regard") -> 3 | AD35: =COUNTIFS(C:C,AB35,D:D,"Undercooked") -> 2
A36: 57 | B36: =VLOOKUP(C36,Lists!I:J,2,FALSE) -> Healer | C36: =VLOOKUP(E36&D36,Lists!C:E,3,FALSE) -> Wand/Longbow | D36: Undercooked | E36: syrup | F36: Red | G36: 0 | H36: 30 | I36: 30 | J36: 370854 | K36: 1066213 | L36: 1066213 | M36: =I36/(HLOOKUP(F36,Team_Composition_23[[#All],[Yellow]:[Red]],10,FALSE)+HLOOKUP(F36,Team_Composition_23[[#All],[Yellow]:[Red]],11,FALSE)) -> 0.036540804 | N36: =J36/HLOOKUP(F36,Team_Composition_23[[#All],[Yellow]:[Red]],6,FALSE) -> 0.02101703 | O36: =K36/HLOOKUP(F36,Team_Composition_23[[#All],[Yellow]:[Red]],8,FALSE) -> 0.024223339 | P36: =L36/HLOOKUP(F36,Team_Composition_23[[#All],[Yellow]:[Red]],7,FALSE) -> 0.043934194 | R36: Crossbow/Longbow | S36: =COUNTIFS(C:C,R36,F:F,"Yellow") -> 0 | T36: =COUNTIFS(C:C,R36,F:F,"Red") -> 0 | AB36: Crossbow/Longbow | AC36: =COUNTIFS(C:C,AB36,D:D,"House Regard") -> 0 | AD36: =COUNTIFS(C:C,AB36,D:D,"Undercooked") -> 0
A37: 62 | B37: =VLOOKUP(C37,Lists!I:J,2,FALSE) -> Healer | C37: =VLOOKUP(E37&D37,Lists!C:E,3,FALSE) -> Wand/Longbow | D37: Undercooked | E37: Bunnie | F37: Yellow | G37: 0 | H37: 26 | I37: 26 | J37: 451452 | K37: 1396898 | L37: 1396898 | M37: =I37/(HLOOKUP(F37,Team_Composition_23[[#All],[Yellow]:[Red]],10,FALSE)+HLOOKUP(F37,Team_Composition_23[[#All],[Yellow]:[Red]],11,FALSE)) -> 0.0064983754 | N37: =J37/HLOOKUP(F37,Team_Composition_23[[#All],[Yellow]:[Red]],6,FALSE) -> 0.010176183 | O37: =K37/HLOOKUP(F37,Team_Composition_23[[#All],[Yellow]:[Red]],8,FALSE) -> 0.079737251 | P37: =L37/HLOOKUP(F37,Team_Composition_23[[#All],[Yellow]:[Red]],7,FALSE) -> 0.10791212 | R37: Crossbow/SnS | S37: =COUNTIFS(C:C,R37,F:F,"Yellow") -> 2 | T37: =COUNTIFS(C:C,R37,F:F,"Red") -> 3 | AB37: Crossbow/SnS | AC37: =COUNTIFS(C:C,AB37,D:D,"House Regard") -> 3 | AD37: =COUNTIFS(C:C,AB37,D:D,"Undercooked") -> 2
A38: 65 | B38: =VLOOKUP(C38,Lists!I:J,2,FALSE) -> Healer | C38: =VLOOKUP(E38&D38,Lists!C:E,3,FALSE) -> Wand/Longbow | D38: House Regard | E38: MICTECACIHUATL | F38: Yellow | G38: 0 | H38: 24 | I38: 24 | J38: 411115 | K38: 1384441 | L38: 1384441 | M38: =I38/(HLOOKUP(F38,Team_Composition_23[[#All],[Yellow]:[Red]],10,FALSE)+HLOOKUP(F38,Team_Composition_23[[#All],[Yellow]:[Red]],11,FALSE)) -> 0.0059985004 | N38: =J38/HLOOKUP(F38,Team_Composition_23[[#All],[Yellow]:[Red]],6,FALSE) -> 0.009266946 | O38: =K38/HLOOKUP(F38,Team_Composition_23[[#All],[Yellow]:[Red]],8,FALSE) -> 0.079026185 | P38: =L38/HLOOKUP(F38,Team_Composition_23[[#All],[Yellow]:[Red]],7,FALSE) -> 0.1069498 | R38: Longbow/Dagger | S38: =COUNTIFS(C:C,R38,F:F,"Yellow") -> 0 | T38: =COUNTIFS(C:C,R38,F:F,"Red") -> 0 | AB38: Longbow/Dagger | AC38: =COUNTIFS(C:C,AB38,D:D,"House Regard") -> 0 | AD38: =COUNTIFS(C:C,AB38,D:D,"Undercooked") -> 0
A39: 68 | B39: Healer | C39: =VLOOKUP(E39&D39,Lists!C:E,3,FALSE) -> Wand/Longbow | D39: Undercooked | E39: Udon | F39: Red | G39: 0 | H39: 21 | I39: 21 | J39: 232773 | K39: 1015117 | L39: 1015117 | M39: =I39/(HLOOKUP(F39,Team_Composition_23[[#All],[Yellow]:[Red]],10,FALSE)+HLOOKUP(F39,Team_Composition_23[[#All],[Yellow]:[Red]],11,FALSE)) -> 0.025578563 | N39: =J39/HLOOKUP(F39,Team_Composition_23[[#All],[Yellow]:[Red]],6,FALSE) -> 0.013191706 | O39: =K39/HLOOKUP(F39,Team_Composition_23[[#All],[Yellow]:[Red]],8,FALSE) -> 0.023062487 | P39: =L39/HLOOKUP(F39,Team_Composition_23[[#All],[Yellow]:[Red]],7,FALSE) -> 0.041828741 | R39: Orb/Dagger | S39: =COUNTIFS(C:C,R39,F:F,"Yellow") -> 0 | T39: =COUNTIFS(C:C,R39,F:F,"Red") -> 0 | AB39: Orb/Dagger | AC39: =COUNTIFS(C:C,AB39,D:D,"House Regard") -> 0 | AD39: =COUNTIFS(C:C,AB39,D:D,"Undercooked") -> 0
A40: 82 | B40: =VLOOKUP(C40,Lists!I:J,2,FALSE) -> Healer | C40: =VLOOKUP(E40&D40,Lists!C:E,3,FALSE) -> Wand/Longbow | D40: Undercooked | E40: ShiFood | F40: Red | G40: 0 | H40: 13 | I40: 13 | J40: 433866 | K40: 1618583 | L40: 1618583 | M40: =I40/(HLOOKUP(F40,Team_Composition_23[[#All],[Yellow]:[Red]],10,FALSE)+HLOOKUP(F40,Team_Composition_23[[#All],[Yellow]:[Red]],11,FALSE)) -> 0.015834348 | N40: =J40/HLOOKUP(F40,Team_Composition_23[[#All],[Yellow]:[Red]],6,FALSE) -> 0.024588044 | O40: =K40/HLOOKUP(F40,Team_Composition_23[[#All],[Yellow]:[Red]],8,FALSE) -> 0.036772657 | P40: =L40/HLOOKUP(F40,Team_Composition_23[[#All],[Yellow]:[Red]],7,FALSE) -> 0.06669506 | R40: Orb/Wand | S40: =COUNTIFS(C:C,R40,F:F,"Yellow") -> 0 | T40: =COUNTIFS(C:C,R40,F:F,"Red") -> 0 | AB40: Orb/Wand | AC40: =COUNTIFS(C:C,AB40,D:D,"House Regard") -> 0 | AD40: =COUNTIFS(C:C,AB40,D:D,"Undercooked") -> 0
A41: 88 | B41: =VLOOKUP(C41,Lists!I:J,2,FALSE) -> Healer | C41: =VLOOKUP(E41&D41,Lists!C:E,3,FALSE) -> Wand/Longbow | D41: Undercooked | E41: psi | F41: Yellow | G41: 0 | H41: 8 | I41: 8 | J41: 529255 | K41: 864428 | L41: 864428 | M41: =I41/(HLOOKUP(F41,Team_Composition_23[[#All],[Yellow]:[Red]],10,FALSE)+HLOOKUP(F41,Team_Composition_23[[#All],[Yellow]:[Red]],11,FALSE)) -> 0.0019995001 | N41: =J41/HLOOKUP(F41,Team_Composition_23[[#All],[Yellow]:[Red]],6,FALSE) -> 0.01192994 | O41: =K41/HLOOKUP(F41,Team_Composition_23[[#All],[Yellow]:[Red]],8,FALSE) -> 0.049342982 | P41: =L41/HLOOKUP(F41,Team_Composition_23[[#All],[Yellow]:[Red]],7,FALSE) -> 0.066778145 | R41: SnS/Wand | S41: =COUNTIFS(C:C,R41,F:F,"Yellow") -> 0 | T41: =COUNTIFS(C:C,R41,F:F,"Red") -> 0 | AB41: SnS/Wand | AC41: =COUNTIFS(C:C,AB41,D:D,"House Regard") -> 0 | AD41: =COUNTIFS(C:C,AB41,D:D,"Undercooked") -> 0
A42: 95 | B42: =VLOOKUP(C42,Lists!I:J,2,FALSE) -> Healer | C42: =VLOOKUP(E42&D42,Lists!C:E,3,FALSE) -> Wand/Longbow | D42: House Regard | E42: EgirlWaifu | F42: Red | G42: 0 | H42: 3 | I42: 3 | J42: 467391 | K42: 1024031 | L42: 1024031 | M42: =I42/(HLOOKUP(F42,Team_Composition_23[[#All],[Yellow]:[Red]],10,FALSE)+HLOOKUP(F42,Team_Composition_23[[#All],[Yellow]:[Red]],11,FALSE)) -> 0.0036540804 | N42: =J42/HLOOKUP(F42,Team_Composition_23[[#All],[Yellow]:[Red]],6,FALSE) -> 0.026487972 | O42: =K42/HLOOKUP(F42,Team_Composition_23[[#All],[Yellow]:[Red]],8,FALSE) -> 0.023265005 | P42: =L42/HLOOKUP(F42,Team_Composition_23[[#All],[Yellow]:[Red]],7,FALSE) -> 0.04219605 | R42: Staff/Dagger | S42: =COUNTIFS(C:C,R42,F:F,"Yellow") -> 2 | T42: =COUNTIFS(C:C,R42,F:F,"Red") -> 2 | AB42: Staff/Dagger | AC42: =COUNTIFS(C:C,AB42,D:D,"House Regard") -> 2 | AD42: =COUNTIFS(C:C,AB42,D:D,"Undercooked") -> 2
A43: 3 | B43: =VLOOKUP(C43,Lists!I:J,2,FALSE) -> Ranged DPS | C43: =VLOOKUP(E43&D43,Lists!C:E,3,FALSE) -> Staff/Orb | D43: House Regard | E43: Ryujin | F43: Red | G43: 34 | H43: 33 | I43: 67 | J43: 566406 | K43: 8914 | L43: 8914 | M43: =I43/(HLOOKUP(F43,Team_Composition_23[[#All],[Yellow]:[Red]],10,FALSE)+HLOOKUP(F43,Team_Composition_23[[#All],[Yellow]:[Red]],11,FALSE)) -> 0.081607795 | N43: =J43/HLOOKUP(F43,Team_Composition_23[[#All],[Yellow]:[Red]],6,FALSE) -> 0.032099348 | O43: =K43/HLOOKUP(F43,Team_Composition_23[[#All],[Yellow]:[Red]],8,FALSE) -> 0.00020251755 | P43: =L43/HLOOKUP(F43,Team_Composition_23[[#All],[Yellow]:[Red]],7,FALSE) -> 0.00036730879 | R43: Staff/Longbow | S43: =COUNTIFS(C:C,R43,F:F,"Yellow") -> 0 | T43: =COUNTIFS(C:C,R43,F:F,"Red") -> 0 | AB43: Staff/Longbow | AC43: =COUNTIFS(C:C,AB43,D:D,"House Regard") -> 0 | AD43: =COUNTIFS(C:C,AB43,D:D,"Undercooked") -> 0
A44: 17 | B44: =VLOOKUP(C44,Lists!I:J,2,FALSE) -> Ranged DPS | C44: =VLOOKUP(E44&D44,Lists!C:E,3,FALSE) -> Staff/Orb | D44: Undercooked | E44: CruMpet | F44: Red | G44: 16 | H44: 55 | I44: 71 | J44: 653461 | K44: 229 | L44: 229 | M44: =I44/(HLOOKUP(F44,Team_Composition_23[[#All],[Yellow]:[Red]],10,FALSE)+HLOOKUP(F44,Team_Composition_23[[#All],[Yellow]:[Red]],11,FALSE)) -> 0.086479903 | N44: =J44/HLOOKUP(F44,Team_Composition_23[[#All],[Yellow]:[Red]],6,FALSE) -> 0.037032927 | O44: =K44/HLOOKUP(F44,Team_Composition_23[[#All],[Yellow]:[Red]],8,FALSE) -> 5.2026609e-06 | P44: =L44/HLOOKUP(F44,Team_Composition_23[[#All],[Yellow]:[Red]],7,FALSE) -> 9.4361357e-06 | R44: Staff/Orb | S44: =COUNTIFS(C:C,R44,F:F,"Yellow") -> 2 | T44: =COUNTIFS(C:C,R44,F:F,"Red") -> 2 | AB44: Staff/Orb | AC44: =COUNTIFS(C:C,AB44,D:D,"House Regard") -> 2 | AD44: =COUNTIFS(C:C,AB44,D:D,"Undercooked") -> 2
A45: 19 | B45: =VLOOKUP(C45,Lists!I:J,2,FALSE) -> Ranged DPS | C45: =VLOOKUP(E45&D45,Lists!C:E,3,FALSE) -> Staff/Orb | D45: House Regard | E45: EnoughCrazy | F45: Yellow | G45: 15 | H45: 36 | I45: 51 | J45: 622563 | K45: 0 | L45: 0 | M45: =I45/(HLOOKUP(F45,Team_Composition_23[[#All],[Yellow]:[Red]],10,FALSE)+HLOOKUP(F45,Team_Composition_23[[#All],[Yellow]:[Red]],11,FALSE)) -> 0.012746813 | N45: =J45/HLOOKUP(F45,Team_Composition_23[[#All],[Yellow]:[Red]],6,FALSE) -> 0.014033197 | O45: =K45/HLOOKUP(F45,Team_Composition_23[[#All],[Yellow]:[Red]],8,FALSE) -> 0 | P45: =L45/HLOOKUP(F45,Team_Composition_23[[#All],[Yellow]:[Red]],7,FALSE) -> 0 | R45: Staff/Wand | S45: =COUNTIFS(C:C,R45,F:F,"Yellow") -> 0 | T45: =COUNTIFS(C:C,R45,F:F,"Red") -> 0 | AB45: Staff/Wand | AC45: =COUNTIFS(C:C,AB45,D:D,"House Regard") -> 0 | AD45: =COUNTIFS(C:C,AB45,D:D,"Undercooked") -> 0
A46: 74 | B46: =VLOOKUP(C46,Lists!I:J,2,FALSE) -> Ranged DPS | C46: =VLOOKUP(E46&D46,Lists!C:E,3,FALSE) -> Staff/Orb | D46: Undercooked | E46: Okonomiyaki | F46: Yellow | G46: 0 | H46: 14 | I46: 14 | J46: 349214 | K46: 13289 | L46: 13289 | M46: =I46/(HLOOKUP(F46,Team_Composition_23[[#All],[Yellow]:[Red]],10,FALSE)+HLOOKUP(F46,Team_Composition_23[[#All],[Yellow]:[Red]],11,FALSE)) -> 0.0034991252 | N46: =J46/HLOOKUP(F46,Team_Composition_23[[#All],[Yellow]:[Red]],6,FALSE) -> 0.0078716351 | O46: =K46/HLOOKUP(F46,Team_Composition_23[[#All],[Yellow]:[Red]],8,FALSE) -> 0.00075855812 | P46: =L46/HLOOKUP(F46,Team_Composition_23[[#All],[Yellow]:[Red]],7,FALSE) -> 0.0010265919 | R46: Wand/Dagger | S46: =COUNTIFS(C:C,R46,F:F,"Yellow") -> 0 | T46: =COUNTIFS(C:C,R46,F:F,"Red") -> 0 | AB46: Wand/Dagger | AC46: =COUNTIFS(C:C,AB46,D:D,"House Regard") -> 0 | AD46: =COUNTIFS(C:C,AB46,D:D,"Undercooked") -> 0
A47: 5 | B47: =VLOOKUP(C47,Lists!I:J,2,FALSE) -> Ranged DPS | C47: =VLOOKUP(E47&D47,Lists!C:E,3,FALSE) -> Staff/Dagger | D47: House Regard | E47: Ceviche | F47: Red | G47: 29 | H47: 35 | I47: 64 | J47: 797231 | K47: 15033 | L47: 15033 | M47: =I47/(HLOOKUP(F47,Team_Composition_23[[#All],[Yellow]:[Red]],10,FALSE)+HLOOKUP(F47,Team_Composition_23[[#All],[Yellow]:[Red]],11,FALSE)) -> 0.077953715 | N47: =J47/HLOOKUP(F47,Team_Composition_23[[#All],[Yellow]:[Red]],6,FALSE) -> 0.045180658 | O47: =K47/HLOOKUP(F47,Team_Composition_23[[#All],[Yellow]:[Red]],8,FALSE) -> 0.00034153538 | P47: =L47/HLOOKUP(F47,Team_Composition_23[[#All],[Yellow]:[Red]],7,FALSE) -> 0.00061944728
A48: 18 | B48: =VLOOKUP(C48,Lists!I:J,2,FALSE) -> Ranged DPS | C48: =VLOOKUP(E48&D48,Lists!C:E,3,FALSE) -> Staff/Dagger | D48: Undercooked | E48: Gelato | F48: Red | G48: 15 | H48: 41 | I48: 56 | J48: 738684 | K48: 0 | L48: 0 | M48: =I48/(HLOOKUP(F48,Team_Composition_23[[#All],[Yellow]:[Red]],10,FALSE)+HLOOKUP(F48,Team_Composition_23[[#All],[Yellow]:[Red]],11,FALSE)) -> 0.068209501 | N48: =J48/HLOOKUP(F48,Team_Composition_23[[#All],[Yellow]:[Red]],6,FALSE) -> 0.041862683 | O48: =K48/HLOOKUP(F48,Team_Composition_23[[#All],[Yellow]:[Red]],8,FALSE) -> 0 | P48: =L48/HLOOKUP(F48,Team_Composition_23[[#All],[Yellow]:[Red]],7,FALSE) -> 0
A49: 25 | B49: =VLOOKUP(C49,Lists!I:J,2,FALSE) -> Ranged DPS | C49: =VLOOKUP(E49&D49,Lists!C:E,3,FALSE) -> Staff/Dagger | D49: House Regard | E49: ELCHAMO | F49: Yellow | G49: 10 | H49: 23 | I49: 33 | J49: 950751 | K49: 10614 | L49: 10614 | M49: =I49/(HLOOKUP(F49,Team_Composition_23[[#All],[Yellow]:[Red]],10,FALSE)+HLOOKUP(F49,Team_Composition_23[[#All],[Yellow]:[Red]],11,FALSE)) -> 0.008247938 | N49: =J49/HLOOKUP(F49,Team_Composition_23[[#All],[Yellow]:[Red]],6,FALSE) -> 0.021430885 | O49: =K49/HLOOKUP(F49,Team_Composition_23[[#All],[Yellow]:[Red]],8,FALSE) -> 0.00060586469 | P49: =L49/HLOOKUP(F49,Team_Composition_23[[#All],[Yellow]:[Red]],7,FALSE) -> 0.00081994479 | R49: Tank | AB49: Tank
A50: 31 | B50: =VLOOKUP(C50,Lists!I:J,2,FALSE) -> Ranged DPS | C50: =VLOOKUP(E50&D50,Lists!C:E,3,FALSE) -> Staff/Dagger | D50: Undercooked | E50: Snoop | F50: Yellow | G50: 6 | H50: 48 | I50: 54 | J50: 511676 | K50: 0 | L50: 0 | M50: =I50/(HLOOKUP(F50,Team_Composition_23[[#All],[Yellow]:[Red]],10,FALSE)+HLOOKUP(F50,Team_Composition_23[[#All],[Yellow]:[Red]],11,FALSE)) -> 0.013496626 | N50: =J50/HLOOKUP(F50,Team_Composition_23[[#All],[Yellow]:[Red]],6,FALSE) -> 0.011533692 | O50: =K50/HLOOKUP(F50,Team_Composition_23[[#All],[Yellow]:[Red]],8,FALSE) -> 0 | P50: =L50/HLOOKUP(F50,Team_Composition_23[[#All],[Yellow]:[Red]],7,FALSE) -> 0 | R50: Data | S50: Yellow | T50: Red | AB50: Data | AC50: BR | AD50: Undercooked
A51: 10 | B51: =VLOOKUP(C51,Lists!I:J,2,FALSE) -> Melee DPS | C51: =VLOOKUP(E51&D51,Lists!C:E,3,FALSE) -> Spear/Dagger | D51: House Regard | E51: H612 | F51: Red | G51: 22 | H51: 43 | I51: 65 | J51: 969144 | K51: 23663 | L51: 23663 | M51: =I51/(HLOOKUP(F51,Team_Composition_23[[#All],[Yellow]:[Red]],10,FALSE)+HLOOKUP(F51,Team_Composition_23[[#All],[Yellow]:[Red]],11,FALSE)) -> 0.079171742 | N51: =J51/HLOOKUP(F51,Team_Composition_23[[#All],[Yellow]:[Red]],6,FALSE) -> 0.054923307 | O51: =K51/HLOOKUP(F51,Team_Composition_23[[#All],[Yellow]:[Red]],8,FALSE) -> 0.00053760072 | P51: =L51/HLOOKUP(F51,Team_Composition_23[[#All],[Yellow]:[Red]],7,FALSE) -> 0.00097505362 | R51: Damage Dealt | S51: =SUMIFS(Scoreboard_43[Damage Dealt],Scoreboard_43[Role],"Tank",Scoreboard_43[Team],"Yellow") -> 4894526 | T51: =SUMIFS(Scoreboard_43[Damage Dealt],Scoreboard_43[Role],"Tank",Scoreboard_43[Team],"Red") -> 2901839 | AB51: Damage Dealt | AC51: =SUMIFS(Scoreboard_43[Damage Dealt],Scoreboard_43[Role],"Tank",Scoreboard_43[Guild],"House Regard") -> 5318031 | AD51: =SUMIFS(Scoreboard_43[Damage Dealt],Scoreboard_43[Role],"Tank",Scoreboard_43[Guild],"Undercooked") -> 2478334
A52: 27 | B52: =VLOOKUP(C52,Lists!I:J,2,FALSE) -> Melee DPS | C52: =VLOOKUP(E52&D52,Lists!C:E,3,FALSE) -> Spear/Dagger | D52: Undercooked | E52: Ratatouille | F52: Red | G52: 9 | H52: 55 | I52: 64 | J52: 830135 | K52: 1036 | L52: 1036 | M52: =I52/(HLOOKUP(F52,Team_Composition_23[[#All],[Yellow]:[Red]],10,FALSE)+HLOOKUP(F52,Team_Composition_23[[#All],[Yellow]:[Red]],11,FALSE)) -> 0.077953715 | N52: =J52/HLOOKUP(F52,Team_Composition_23[[#All],[Yellow]:[Red]],6,FALSE) -> 0.047045392 | O52: =K52/HLOOKUP(F52,Team_Composition_23[[#All],[Yellow]:[Red]],8,FALSE) -> 2.3536929e-05 | P52: =L52/HLOOKUP(F52,Team_Composition_23[[#All],[Yellow]:[Red]],7,FALSE) -> 4.2689243e-05 | R52: Damage Taken | S52: =SUMIFS(Scoreboard_43[Damage Taken],Scoreboard_43[Role],"Tank",Scoreboard_43[Team],"Yellow") -> 568046 | T52: =SUMIFS(Scoreboard_43[Damage Taken],Scoreboard_43[Role],"Tank",Scoreboard_43[Team],"Red") -> 371932 | AB52: Damage Taken | AC52: =SUMIFS(Scoreboard_43[Damage Taken],Scoreboard_43[Role],"Tank",Scoreboard_43[Guild],"House Regard") -> 328892 | AD52: =SUMIFS(Scoreboard_43[Damage Taken],Scoreboard_43[Role],"Tank",Scoreboard_43[Guild],"Undercooked") -> 611086
A53: 63 | B53: =VLOOKUP(C53,Lists!I:J,2,FALSE) -> Tank | C53: =VLOOKUP(E53&D53,Lists!C:E,3,FALSE) -> SnS/Spear | D53: House Regard | E53: HubertCumbrdale | F53: Red | G53: 0 | H53: 25 | I53: 25 | J53: 205206 | K53: 8408 | L53: 8408 | M53: =I53/(HLOOKUP(F53,Team_Composition_23[[#All],[Yellow]:[Red]],10,FALSE)+HLOOKUP(F53,Team_Composition_23[[#All],[Yellow]:[Red]],11,FALSE)) -> 0.03045067 | N53: =J53/HLOOKUP(F53,Team_Composition_23[[#All],[Yellow]:[Red]],6,FALSE) -> 0.01162943 | O53: =K53/HLOOKUP(F53,Team_Composition_23[[#All],[Yellow]:[Red]],8,FALSE) -> 0.00019102172 | P53: =L53/HLOOKUP(F53,Team_Composition_23[[#All],[Yellow]:[Red]],7,FALSE) -> 0.00034645864 | R53: Amount Healed | S53: =SUMIFS(Scoreboard_43[Amount Healed],Scoreboard_43[Role],"Tank",Scoreboard_43[Team],"Yellow") -> 568046 | T53: =SUMIFS(Scoreboard_43[Amount Healed],Scoreboard_43[Role],"Tank",Scoreboard_43[Team],"Red") -> 371932 | AB53: Amount Healed | AC53: =SUMIFS(Scoreboard_43[Amount Healed],Scoreboard_43[Role],"Tank",Scoreboard_43[Guild],"House Regard") -> 328892 | AD53: =SUMIFS(Scoreboard_43[Amount Healed],Scoreboard_43[Role],"Tank",Scoreboard_43[Guild],"Undercooked") -> 611086
A54: 69 | B54: =VLOOKUP(C54,Lists!I:J,2,FALSE) -> Tank | C54: =VLOOKUP(E54&D54,Lists!C:E,3,FALSE) -> SnS/Spear | D54: House Regard | E54: Loudpack | F54: Red | G54: 0 | H54: 20 | I54: 20 | J54: 206085 | K54: 17391 | L54: 17391 | M54: =I54/(HLOOKUP(F54,Team_Composition_23[[#All],[Yellow]:[Red]],10,FALSE)+HLOOKUP(F54,Team_Composition_23[[#All],[Yellow]:[Red]],11,FALSE)) -> 0.024360536 | N54: =J54/HLOOKUP(F54,Team_Composition_23[[#All],[Yellow]:[Red]],6,FALSE) -> 0.011679245 | O54: =K54/HLOOKUP(F54,Team_Composition_23[[#All],[Yellow]:[Red]],8,FALSE) -> 0.00039510688 | P54: =L54/HLOOKUP(F54,Team_Composition_23[[#All],[Yellow]:[Red]],7,FALSE) -> 0.00071661064 | R54: Kills | S54: =SUMIFS(Scoreboard_43[Kills],Scoreboard_43[Role],"Tank",Scoreboard_43[Team],"Yellow") -> 4 | T54: =SUMIFS(Scoreboard_43[Kills],Scoreboard_43[Role],"Tank",Scoreboard_43[Team],"Red") -> 3 | AB54: Kills | AC54: =SUMIFS(Scoreboard_43[Kills],Scoreboard_43[Role],"Tank",Scoreboard_43[Guild],"House Regard") -> 7 | AD54: =SUMIFS(Scoreboard_43[Kills],Scoreboard_43[Role],"Tank",Scoreboard_43[Guild],"Undercooked") -> 0
A55: 71 | B55: =VLOOKUP(C55,Lists!I:J,2,FALSE) -> Tank | C55: =VLOOKUP(E55&D55,Lists!C:E,3,FALSE) -> SnS/Spear | D55: Undercooked | E55: Shawarma | F55: Yellow | G55: 0 | H55: 17 | I55: 17 | J55: 265462 | K55: 8477 | L55: 8477 | M55: =I55/(HLOOKUP(F55,Team_Composition_23[[#All],[Yellow]:[Red]],10,FALSE)+HLOOKUP(F55,Team_Composition_23[[#All],[Yellow]:[Red]],11,FALSE)) -> 0.0042489378 | N55: =J55/HLOOKUP(F55,Team_Composition_23[[#All],[Yellow]:[Red]],6,FALSE) -> 0.0059837807 | O55: =K55/HLOOKUP(F55,Team_Composition_23[[#All],[Yellow]:[Red]],8,FALSE) -> 0.0004838812 | P55: =L55/HLOOKUP(F55,Team_Composition_23[[#All],[Yellow]:[Red]],7,FALSE) -> 0.00065485886 | R55: Assists | S55: =SUMIFS(Scoreboard_43[Assists],Scoreboard_43[Role],"Tank",Scoreboard_43[Team],"Yellow") -> 187 | T55: =SUMIFS(Scoreboard_43[Assists],Scoreboard_43[Role],"Tank",Scoreboard_43[Team],"Red") -> 168 | AB55: Assists | AC55: =SUMIFS(Scoreboard_43[Assists],Scoreboard_43[Role],"Tank",Scoreboard_43[Guild],"House Regard") -> 229 | AD55: =SUMIFS(Scoreboard_43[Assists],Scoreboard_43[Role],"Tank",Scoreboard_43[Guild],"Undercooked") -> 126
A56: 50 | B56: =VLOOKUP(C56,Lists!I:J,2,FALSE) -> Tank | C56: SnS/Longbow | D56: Undercooked | E56: Rainbow sherbet | F56: Red | G56: 0 | H56: 37 | I56: 37 | J56: 311852 | K56: 205398 | L56: 205398 | M56: =I56/(HLOOKUP(F56,Team_Composition_23[[#All],[Yellow]:[Red]],10,FALSE)+HLOOKUP(F56,Team_Composition_23[[#All],[Yellow]:[Red]],11,FALSE)) -> 0.045066991 | N56: =J56/HLOOKUP(F56,Team_Composition_23[[#All],[Yellow]:[Red]],6,FALSE) -> 0.01767327 | O56: =K56/HLOOKUP(F56,Team_Composition_23[[#All],[Yellow]:[Red]],8,FALSE) -> 0.004666446 | P56: =L56/HLOOKUP(F56,Team_Composition_23[[#All],[Yellow]:[Red]],7,FALSE) -> 0.0084635956 | R56: SnS/Spear | S56: =COUNTIFS(C:C,R56,F:F,"Yellow") -> 1 | T56: =COUNTIFS(C:C,R56,F:F,"Red") -> 2 | AB56: SnS/Spear | AC56: =COUNTIFS(C:C,AB56,D:D,"House Regard") -> 2 | AD56: =COUNTIFS(C:C,AB56,D:D,"Undercooked") -> 1
A57: 87 | B57: =VLOOKUP(C57,Lists!I:J,2,FALSE) -> Tank | C57: =VLOOKUP(E57&D57,Lists!C:E,3,FALSE) -> SnS/Longbow | D57: Undercooked | E57: Eggplant | F57: Yellow | G57: 0 | H57: 9 | I57: 9 | J57: 476086 | K57: 216752 | L57: 216752 | M57: =I57/(HLOOKUP(F57,Team_Composition_23[[#All],[Yellow]:[Red]],10,FALSE)+HLOOKUP(F57,Team_Composition_23[[#All],[Yellow]:[Red]],11,FALSE)) -> 0.0022494376 | N57: =J57/HLOOKUP(F57,Team_Composition_23[[#All],[Yellow]:[Red]],6,FALSE) -> 0.010731458 | O57: =K57/HLOOKUP(F57,Team_Composition_23[[#All],[Yellow]:[Red]],8,FALSE) -> 0.012372563 | P57: =L57/HLOOKUP(F57,Team_Composition_23[[#All],[Yellow]:[Red]],7,FALSE) -> 0.016744363 | R57: SnS/Dagger | S57: =COUNTIFS(C:C,R57,F:F,"Yellow") -> 1 | T57: =COUNTIFS(C:C,R57,F:F,"Red") -> 0 | AB57: SnS/Dagger | AC57: =COUNTIFS(C:C,AB57,D:D,"House Regard") -> 1 | AD57: =COUNTIFS(C:C,AB57,D:D,"Undercooked") -> 0
A58: 94 | B58: =VLOOKUP(C58,Lists!I:J,2,FALSE) -> Tank | C58: =VLOOKUP(E58&D58,Lists!C:E,3,FALSE) -> SnS/Longbow | D58: Undercooked | E58: Sayaka | F58: Yellow | G58: 0 | H58: 3 | I58: 3 | J58: 207016 | K58: 72892 | L58: 72892 | M58: =I58/(HLOOKUP(F58,Team_Composition_23[[#All],[Yellow]:[Red]],10,FALSE)+HLOOKUP(F58,Team_Composition_23[[#All],[Yellow]:[Red]],11,FALSE)) -> 0.00074981255 | N58: =J58/HLOOKUP(F58,Team_Composition_23[[#All],[Yellow]:[Red]],6,FALSE) -> 0.004666349 | O58: =K58/HLOOKUP(F58,Team_Composition_23[[#All],[Yellow]:[Red]],8,FALSE) -> 0.0041607961 | P58: =L58/HLOOKUP(F58,Team_Composition_23[[#All],[Yellow]:[Red]],7,FALSE) -> 0.0056309983 | R58: SnS/Greatsword | S58: =COUNTIFS(C:C,R58,F:F,"Yellow") -> 9 | T58: =COUNTIFS(C:C,R58,F:F,"Red") -> 7 | AB58: SnS/Greatsword | AC58: =COUNTIFS(C:C,AB58,D:D,"House Regard") -> 12 | AD58: =COUNTIFS(C:C,AB58,D:D,"Undercooked") -> 4
A59: 33 | B59: =VLOOKUP(C59,Lists!I:J,2,FALSE) -> Tank | C59: =VLOOKUP(E59&D59,Lists!C:E,3,FALSE) -> SnS/Greatsword | D59: House Regard | E59: Gravez | F59: Yellow | G59: 2 | H59: 19 | I59: 21 | J59: 417310 | K59: 64186 | L59: 64186 | M59: =I59/(HLOOKUP(F59,Team_Composition_23[[#All],[Yellow]:[Red]],10,FALSE)+HLOOKUP(F59,Team_Composition_23[[#All],[Yellow]:[Red]],11,FALSE)) -> 0.0052486878 | N59: =J59/HLOOKUP(F59,Team_Composition_23[[#All],[Yellow]:[Red]],6,FALSE) -> 0.0094065875 | O59: =K59/HLOOKUP(F59,Team_Composition_23[[#All],[Yellow]:[Red]],8,FALSE) -> 0.0036638432 | P59: =L59/HLOOKUP(F59,Team_Composition_23[[#All],[Yellow]:[Red]],7,FALSE) -> 0.0049584489 | R59: SnS/Longbow | S59: =COUNTIFS(C:C,R59,F:F,"Yellow") -> 2 | T59: =COUNTIFS(C:C,R59,F:F,"Red") -> 1 | AB59: SnS/Longbow | AC59: =COUNTIFS(C:C,AB59,D:D,"House Regard") -> 0 | AD59: =COUNTIFS(C:C,AB59,D:D,"Undercooked") -> 3
A60: 34 | B60: =VLOOKUP(C60,Lists!I:J,2,FALSE) -> Tank | C60: =VLOOKUP(E60&D60,Lists!C:E,3,FALSE) -> SnS/Greatsword | D60: House Regard | E60: RedCamper | F60: Yellow | G60: 2 | H60: 16 | I60: 18 | J60: 247814 | K60: 13634 | L60: 13634 | M60: =I60/(HLOOKUP(F60,Team_Composition_23[[#All],[Yellow]:[Red]],10,FALSE)+HLOOKUP(F60,Team_Composition_23[[#All],[Yellow]:[Red]],11,FALSE)) -> 0.0044988753 | N60: =J60/HLOOKUP(F60,Team_Composition_23[[#All],[Yellow]:[Red]],6,FALSE) -> 0.005585977 | O60: =K60/HLOOKUP(F60,Team_Composition_23[[#All],[Yellow]:[Red]],8,FALSE) -> 0.0007782513 | P60: =L60/HLOOKUP(F60,Team_Composition_23[[#All],[Yellow]:[Red]],7,FALSE) -> 0.0010532436 | R60: SnS/Orb | S60: =COUNTIFS(C:C,R60,F:F,"Yellow") -> 0 | T60: =COUNTIFS(C:C,R60,F:F,"Red") -> 0 | AB60: SnS/Orb | AC60: =COUNTIFS(C:C,AB60,D:D,"House Regard") -> 0 | AD60: =COUNTIFS(C:C,AB60,D:D,"Undercooked") -> 0
A61: 35 | B61: =VLOOKUP(C61,Lists!I:J,2,FALSE) -> Tank | C61: =VLOOKUP(E61&D61,Lists!C:E,3,FALSE) -> SnS/Greatsword | D61: House Regard | E61: RheGGie | F61: Red | G61: 1 | H61: 17 | I61: 18 | J61: 337122 | K61: 11568 | L61: 11568 | M61: =I61/(HLOOKUP(F61,Team_Composition_23[[#All],[Yellow]:[Red]],10,FALSE)+HLOOKUP(F61,Team_Composition_23[[#All],[Yellow]:[Red]],11,FALSE)) -> 0.021924482 | N61: =J61/HLOOKUP(F61,Team_Composition_23[[#All],[Yellow]:[Red]],6,FALSE) -> 0.01910537 | O61: =K61/HLOOKUP(F61,Team_Composition_23[[#All],[Yellow]:[Red]],8,FALSE) -> 0.00026281389 | P61: =L61/HLOOKUP(F61,Team_Composition_23[[#All],[Yellow]:[Red]],7,FALSE) -> 0.00047666907
A62: 37 | B62: =VLOOKUP(C62,Lists!I:J,2,FALSE) -> Tank | C62: =VLOOKUP(E62&D62,Lists!C:E,3,FALSE) -> SnS/Greatsword | D62: House Regard | E62: TemporalRage | F62: Red | G62: 1 | H62: 15 | I62: 16 | J62: 166684 | K62: 4608 | L62: 4608 | M62: =I62/(HLOOKUP(F62,Team_Composition_23[[#All],[Yellow]:[Red]],10,FALSE)+HLOOKUP(F62,Team_Composition_23[[#All],[Yellow]:[Red]],11,FALSE)) -> 0.019488429 | N62: =J62/HLOOKUP(F62,Team_Composition_23[[#All],[Yellow]:[Red]],6,FALSE) -> 0.0094463119 | O62: =K62/HLOOKUP(F62,Team_Composition_23[[#All],[Yellow]:[Red]],8,FALSE) -> 0.00010468935 | P62: =L62/HLOOKUP(F62,Team_Composition_23[[#All],[Yellow]:[Red]],7,FALSE) -> 0.00018987648
A63: 38 | B63: =VLOOKUP(C63,Lists!I:J,2,FALSE) -> Tank | C63: =VLOOKUP(E63&D63,Lists!C:E,3,FALSE) -> SnS/Greatsword | D63: House Regard | E63: mo | F63: Red | G63: 1 | H63: 11 | I63: 12 | J63: 284576 | K63: 8090 | L63: 8090 | M63: =I63/(HLOOKUP(F63,Team_Composition_23[[#All],[Yellow]:[Red]],10,FALSE)+HLOOKUP(F63,Team_Composition_23[[#All],[Yellow]:[Red]],11,FALSE)) -> 0.014616322 | N63: =J63/HLOOKUP(F63,Team_Composition_23[[#All],[Yellow]:[Red]],6,FALSE) -> 0.016127485 | O63: =K63/HLOOKUP(F63,Team_Composition_23[[#All],[Yellow]:[Red]],8,FALSE) -> 0.00018379706 | P63: =L63/HLOOKUP(F63,Team_Composition_23[[#All],[Yellow]:[Red]],7,FALSE) -> 0.00033335519 | R63: Healer | AB63: Healer
A64: 61 | B64: =VLOOKUP(C64,Lists!I:J,2,FALSE) -> Tank | C64: =VLOOKUP(E64&D64,Lists!C:E,3,FALSE) -> SnS/Greatsword | D64: Undercooked | E64: Cat | F64: Yellow | G64: 0 | H64: 27 | I64: 27 | J64: 73565 | K64: 5193 | L64: 5193 | M64: =I64/(HLOOKUP(F64,Team_Composition_23[[#All],[Yellow]:[Red]],10,FALSE)+HLOOKUP(F64,Team_Composition_23[[#All],[Yellow]:[Red]],11,FALSE)) -> 0.0067483129 | N64: =J64/HLOOKUP(F64,Team_Composition_23[[#All],[Yellow]:[Red]],6,FALSE) -> 0.0016582292 | O64: =K64/HLOOKUP(F64,Team_Composition_23[[#All],[Yellow]:[Red]],8,FALSE) -> 0.00029642504 | P64: =L64/HLOOKUP(F64,Team_Composition_23[[#All],[Yellow]:[Red]],7,FALSE) -> 0.00040116575 | R64: Data | S64: Yellow | T64: Red | AB64: Data | AC64: BR | AD64: Undercooked
A65: 64 | B65: =VLOOKUP(C65,Lists!I:J,2,FALSE) -> Tank | C65: =VLOOKUP(E65&D65,Lists!C:E,3,FALSE) -> SnS/Greatsword | D65: House Regard | E65: Sovwang | F65: Yellow | G65: 0 | H65: 24 | I65: 24 | J65: 612478 | K65: 17741 | L65: 17741 | M65: =I65/(HLOOKUP(F65,Team_Composition_23[[#All],[Yellow]:[Red]],10,FALSE)+HLOOKUP(F65,Team_Composition_23[[#All],[Yellow]:[Red]],11,FALSE)) -> 0.0059985004 | N65: =J65/HLOOKUP(F65,Team_Composition_23[[#All],[Yellow]:[Red]],6,FALSE) -> 0.013805871 | O65: =K65/HLOOKUP(F65,Team_Composition_23[[#All],[Yellow]:[Red]],8,FALSE) -> 0.0010126857 | P65: =L65/HLOOKUP(F65,Team_Composition_23[[#All],[Yellow]:[Red]],7,FALSE) -> 0.0013705145 | R65: Damage Dealt | S65: =SUMIFS(Scoreboard_43[Damage Dealt],Scoreboard_43[Role],"Healer",Scoreboard_43[Team],"Yellow") -> 4236191 | T65: =SUMIFS(Scoreboard_43[Damage Dealt],Scoreboard_43[Role],"Healer",Scoreboard_43[Team],"Red") -> 5274184 | AB65: Damage Dealt | AC65: =SUMIFS(Scoreboard_43[Damage Dealt],Scoreboard_43[Role],"Healer",Scoreboard_43[Guild],"House Regard") -> 5083069 | AD65: =SUMIFS(Scoreboard_43[Damage Dealt],Scoreboard_43[Role],"Healer",Scoreboard_43[Guild],"Undercooked") -> 4427306
A66: 67 | B66: =VLOOKUP(C66,Lists!I:J,2,FALSE) -> Tank | C66: =VLOOKUP(E66&D66,Lists!C:E,3,FALSE) -> SnS/Greatsword | D66: House Regard | E66: P | F66: Yellow | G66: 0 | H66: 21 | I66: 21 | J66: 713762 | K66: 23197 | L66: 23197 | M66: =I66/(HLOOKUP(F66,Team_Composition_23[[#All],[Yellow]:[Red]],10,FALSE)+HLOOKUP(F66,Team_Composition_23[[#All],[Yellow]:[Red]],11,FALSE)) -> 0.0052486878 | N66: =J66/HLOOKUP(F66,Team_Composition_23[[#All],[Yellow]:[Red]],6,FALSE) -> 0.016088914 | O66: =K66/HLOOKUP(F66,Team_Composition_23[[#All],[Yellow]:[Red]],8,FALSE) -> 0.0013241232 | P66: =L66/HLOOKUP(F66,Team_Composition_23[[#All],[Yellow]:[Red]],7,FALSE) -> 0.0017919973 | R66: Damage Taken | S66: =SUMIFS(Scoreboard_43[Damage Taken],Scoreboard_43[Role],"Healer",Scoreboard_43[Team],"Yellow") -> 13107114 | T66: =SUMIFS(Scoreboard_43[Damage Taken],Scoreboard_43[Role],"Healer",Scoreboard_43[Team],"Red") -> 13629905 | AB66: Damage Taken | AC66: =SUMIFS(Scoreboard_43[Damage Taken],Scoreboard_43[Role],"Healer",Scoreboard_43[Guild],"House Regard") -> 15317191 | AD66: =SUMIFS(Scoreboard_43[Damage Taken],Scoreboard_43[Role],"Healer",Scoreboard_43[Guild],"Undercooked") -> 11419828
A67: 75 | B67: =VLOOKUP(C67,Lists!I:J,2,FALSE) -> Tank | C67: =VLOOKUP(E67&D67,Lists!C:E,3,FALSE) -> SnS/Greatsword | D67: House Regard | E67: CertifiedSquishy | F67: Yellow | G67: 0 | H67: 14 | I67: 14 | J67: 295917 | K67: 43480 | L67: 43480 | M67: =I67/(HLOOKUP(F67,Team_Composition_23[[#All],[Yellow]:[Red]],10,FALSE)+HLOOKUP(F67,Team_Composition_23[[#All],[Yellow]:[Red]],11,FALSE)) -> 0.0034991252 | N67: =J67/HLOOKUP(F67,Team_Composition_23[[#All],[Yellow]:[Red]],6,FALSE) -> 0.0066702671 | O67: =K67/HLOOKUP(F67,Team_Composition_23[[#All],[Yellow]:[Red]],8,FALSE) -> 0.0024819104 | P67: =L67/HLOOKUP(F67,Team_Composition_23[[#All],[Yellow]:[Red]],7,FALSE) -> 0.0033588844 | R67: Amount Healed | S67: =SUMIFS(Scoreboard_43[Amount Healed],Scoreboard_43[Role],"Healer",Scoreboard_43[Team],"Yellow") -> 13107114 | T67: =SUMIFS(Scoreboard_43[Amount Healed],Scoreboard_43[Role],"Healer",Scoreboard_43[Team],"Red") -> 13629905 | AB67: Amount Healed | AC67: =SUMIFS(Scoreboard_43[Amount Healed],Scoreboard_43[Role],"Healer",Scoreboard_43[Guild],"House Regard") -> 15317191 | AD67: =SUMIFS(Scoreboard_43[Amount Healed],Scoreboard_43[Role],"Healer",Scoreboard_43[Guild],"Undercooked") -> 11419828
A68: 78 | B68: =VLOOKUP(C68,Lists!I:J,2,FALSE) -> Tank | C68: SnS/Greatsword | D68: House Regard | E68: Hexapod | F68: Red | G68: 0 | H68: 13 | I68: 13 | J68: 471200 | K68: 21851 | L68: 21851 | M68: =I68/(HLOOKUP(F68,Team_Composition_23[[#All],[Yellow]:[Red]],10,FALSE)+HLOOKUP(F68,Team_Composition_23[[#All],[Yellow]:[Red]],11,FALSE)) -> 0.015834348 | N68: =J68/HLOOKUP(F68,Team_Composition_23[[#All],[Yellow]:[Red]],6,FALSE) -> 0.026703836 | O68: =K68/HLOOKUP(F68,Team_Composition_23[[#All],[Yellow]:[Red]],8,FALSE) -> 0.00049643381 | P68: =L68/HLOOKUP(F68,Team_Composition_23[[#All],[Yellow]:[Red]],7,FALSE) -> 0.00090038865 | R68: Kills | S68: =SUMIFS(Scoreboard_43[Kills],Scoreboard_43[Role],"Healer",Scoreboard_43[Team],"Yellow") -> 0 | T68: =SUMIFS(Scoreboard_43[Kills],Scoreboard_43[Role],"Healer",Scoreboard_43[Team],"Red") -> 1 | AB68: Kills | AC68: =SUMIFS(Scoreboard_43[Kills],Scoreboard_43[Role],"Healer",Scoreboard_43[Guild],"House Regard") -> 1 | AD68: =SUMIFS(Scoreboard_43[Kills],Scoreboard_43[Role],"Healer",Scoreboard_43[Guild],"Undercooked") -> 0
A69: 79 | B69: =VLOOKUP(C69,Lists!I:J,2,FALSE) -> Tank | C69: =VLOOKUP(E69&D69,Lists!C:E,3,FALSE) -> SnS/Greatsword | D69: Undercooked | E69: CreamOfWheat69 | F69: Red | G69: 0 | H69: 13 | I69: 13 | J69: 267034 | K69: 34034 | L69: 34034 | M69: =I69/(HLOOKUP(F69,Team_Composition_23[[#All],[Yellow]:[Red]],10,FALSE)+HLOOKUP(F69,Team_Composition_23[[#All],[Yellow]:[Red]],11,FALSE)) -> 0.015834348 | N69: =J69/HLOOKUP(F69,Team_Composition_23[[#All],[Yellow]:[Red]],6,FALSE) -> 0.015133345 | O69: =K69/HLOOKUP(F69,Team_Composition_23[[#All],[Yellow]:[Red]],8,FALSE) -> 0.00077321992 | P69: =L69/HLOOKUP(F69,Team_Composition_23[[#All],[Yellow]:[Red]],7,FALSE) -> 0.0014023993 | R69: Assists | S69: =SUMIFS(Scoreboard_43[Assists],Scoreboard_43[Role],"Healer",Scoreboard_43[Team],"Yellow") -> 476 | T69: =SUMIFS(Scoreboard_43[Assists],Scoreboard_43[Role],"Healer",Scoreboard_43[Team],"Red") -> 480 | AB69: Assists | AC69: =SUMIFS(Scoreboard_43[Assists],Scoreboard_43[Role],"Healer",Scoreboard_43[Guild],"House Regard") -> 532 | AD69: =SUMIFS(Scoreboard_43[Kills],Scoreboard_43[Role],"Healer",Scoreboard_43[Guild],"Undercooked") -> 0
A70: 80 | B70: =VLOOKUP(C70,Lists!I:J,2,FALSE) -> Tank | C70: =VLOOKUP(E70&D70,Lists!C:E,3,FALSE) -> SnS/Greatsword | D70: Undercooked | E70: Toro | F70: Yellow | G70: 0 | H70: 13 | I70: 13 | J70: 588243 | K70: 44101 | L70: 44101 | M70: =I70/(HLOOKUP(F70,Team_Composition_23[[#All],[Yellow]:[Red]],10,FALSE)+HLOOKUP(F70,Team_Composition_23[[#All],[Yellow]:[Red]],11,FALSE)) -> 0.0032491877 | N70: =J70/HLOOKUP(F70,Team_Composition_23[[#All],[Yellow]:[Red]],6,FALSE) -> 0.013259589 | O70: =K70/HLOOKUP(F70,Team_Composition_23[[#All],[Yellow]:[Red]],8,FALSE) -> 0.0025173581 | P70: =L70/HLOOKUP(F70,Team_Composition_23[[#All],[Yellow]:[Red]],7,FALSE) -> 0.0034068575 | R70: Wand/Longbow | S70: =COUNTIFS(C:C,R70,F:F,"Yellow") -> 7 | T70: =COUNTIFS(C:C,R70,F:F,"Red") -> 6 | AB70: Wand/Longbow | AC70: =COUNTIFS(C:C,AB70,D:D,"House Regard") -> 7 | AD70: =COUNTIFS(D:D,AC70,D:D,"Undercooked") -> 0
A71: 86 | B71: =VLOOKUP(C71,Lists!I:J,2,FALSE) -> Tank | C71: =VLOOKUP(E71&D71,Lists!C:E,3,FALSE) -> SnS/Greatsword | D71: House Regard | E71: Moon | F71: Red | G71: 0 | H71: 10 | I71: 10 | J71: 227802 | K71: 30586 | L71: 30586 | M71: =I71/(HLOOKUP(F71,Team_Composition_23[[#All],[Yellow]:[Red]],10,FALSE)+HLOOKUP(F71,Team_Composition_23[[#All],[Yellow]:[Red]],11,FALSE)) -> 0.012180268 | N71: =J71/HLOOKUP(F71,Team_Composition_23[[#All],[Yellow]:[Red]],6,FALSE) -> 0.01290999 | O71: =K71/HLOOKUP(F71,Team_Composition_23[[#All],[Yellow]:[Red]],8,FALSE) -> 0.00069488466 | P71: =L71/HLOOKUP(F71,Team_Composition_23[[#All],[Yellow]:[Red]],7,FALSE) -> 0.0012603216 | R71: Wand/Orb | S71: =COUNTIFS(C:C,R71,F:F,"Yellow") -> 7 | T71: =COUNTIFS(C:C,R71,F:F,"Red") -> 11 | AB71: Wand/Orb | AC71: =COUNTIFS(C:C,AB71,D:D,"House Regard") -> 9 | AD71: =COUNTIFS(D:D,AC71,D:D,"Undercooked") -> 0
A72: 91 | B72: =VLOOKUP(C72,Lists!I:J,2,FALSE) -> Tank | C72: =VLOOKUP(E72&D72,Lists!C:E,3,FALSE) -> SnS/Greatsword | D72: Undercooked | E72: Picklesnaus | F72: Yellow | G72: 0 | H72: 7 | I72: 7 | J72: 289076 | K72: 24239 | L72: 24239 | M72: =I72/(HLOOKUP(F72,Team_Composition_23[[#All],[Yellow]:[Red]],10,FALSE)+HLOOKUP(F72,Team_Composition_23[[#All],[Yellow]:[Red]],11,FALSE)) -> 0.0017495626 | N72: =J72/HLOOKUP(F72,Team_Composition_23[[#All],[Yellow]:[Red]],6,FALSE) -> 0.006516064 | O72: =K72/HLOOKUP(F72,Team_Composition_23[[#All],[Yellow]:[Red]],8,FALSE) -> 0.0013836023 | P72: =L72/HLOOKUP(F72,Team_Composition_23[[#All],[Yellow]:[Red]],7,FALSE) -> 0.0018724931 | R72: Wand/Greatsword | S72: =COUNTIFS(C:C,R72,F:F,"Yellow") -> 0 | T72: =COUNTIFS(C:C,R72,F:F,"Red") -> 0 | AB72: Wand/Greatsword | AC72: =COUNTIFS(C:C,AB72,D:D,"House Regard") -> 0 | AD72: =COUNTIFS(D:D,AC72,D:D,"Undercooked") -> 0
A73: 92 | B73: =VLOOKUP(C73,Lists!I:J,2,FALSE) -> Tank | C73: =VLOOKUP(E73&D73,Lists!C:E,3,FALSE) -> SnS/Greatsword | D73: House Regard | E73: Feelix | F73: Red | G73: 0 | H73: 7 | I73: 7 | J73: 424278 | K73: 29998 | L73: 29998 | M73: =I73/(HLOOKUP(F73,Team_Composition_23[[#All],[Yellow]:[Red]],10,FALSE)+HLOOKUP(F73,Team_Composition_23[[#All],[Yellow]:[Red]],11,FALSE)) -> 0.0085261876 | N73: =J73/HLOOKUP(F73,Team_Composition_23[[#All],[Yellow]:[Red]],6,FALSE) -> 0.024044673 | O73: =K73/HLOOKUP(F73,Team_Composition_23[[#All],[Yellow]:[Red]],8,FALSE) -> 0.00068152586 | P73: =L73/HLOOKUP(F73,Team_Composition_23[[#All],[Yellow]:[Red]],7,FALSE) -> 0.0012360926
A74: 93 | B74: =VLOOKUP(C74,Lists!I:J,2,FALSE) -> Tank | C74: =VLOOKUP(E74&D74,Lists!C:E,3,FALSE) -> SnS/Greatsword | D74: House Regard | E74: StephyBabyx | F74: Yellow | G74: 0 | H74: 4 | I74: 4 | J74: 602984 | K74: 29736 | L74: 29736 | M74: =I74/(HLOOKUP(F74,Team_Composition_23[[#All],[Yellow]:[Red]],10,FALSE)+HLOOKUP(F74,Team_Composition_23[[#All],[Yellow]:[Red]],11,FALSE)) -> 0.00099975006 | N74: =J74/HLOOKUP(F74,Team_Composition_23[[#All],[Yellow]:[Red]],6,FALSE) -> 0.013591866 | O74: =K74/HLOOKUP(F74,Team_Composition_23[[#All],[Yellow]:[Red]],8,FALSE) -> 0.0016973801 | P74: =L74/HLOOKUP(F74,Team_Composition_23[[#All],[Yellow]:[Red]],7,FALSE) -> 0.0022971432
A75: 81 | B75: =VLOOKUP(C75,Lists!I:J,2,FALSE) -> Tank | C75: =VLOOKUP(E75&D75,Lists!C:E,3,FALSE) -> SnS/Dagger | D75: House Regard | E75: SupraOzz | F75: Yellow | G75: 0 | H75: 13 | I75: 13 | J75: 104813 | K75: 4418 | L75: 4418 | M75: =I75/(HLOOKUP(F75,Team_Composition_23[[#All],[Yellow]:[Red]],10,FALSE)+HLOOKUP(F75,Team_Composition_23[[#All],[Yellow]:[Red]],11,FALSE)) -> 0.0032491877 | N75: =J75/HLOOKUP(F75,Team_Composition_23[[#All],[Yellow]:[Red]],6,FALSE) -> 0.0023625905 | O75: =K75/HLOOKUP(F75,Team_Composition_23[[#All],[Yellow]:[Red]],8,FALSE) -> 0.00025218676 | P75: =L75/HLOOKUP(F75,Team_Composition_23[[#All],[Yellow]:[Red]],7,FALSE) -> 0.00034129603 | R75: KS | AB75: KS
A76: 1 | B76: =VLOOKUP(C76,Lists!I:J,2,FALSE) -> Melee DPS | C76: =VLOOKUP(E76&D76,Lists!C:E,3,FALSE) -> Greatsword/Spear | D76: House Regard | E76: K | F76: Red | G76: 45 | H76: 72 | I76: 117 | J76: 877506 | K76: 15904 | L76: 15904 | M76: =I76/(HLOOKUP(F76,Team_Composition_23[[#All],[Yellow]:[Red]],10,FALSE)+HLOOKUP(F76,Team_Composition_23[[#All],[Yellow]:[Red]],11,FALSE)) -> 0.14250914 | N76: =J76/HLOOKUP(F76,Team_Composition_23[[#All],[Yellow]:[Red]],6,FALSE) -> 0.049730001 | O76: =K76/HLOOKUP(F76,Team_Composition_23[[#All],[Yellow]:[Red]],8,FALSE) -> 0.00036132366 | P76: =L76/HLOOKUP(F76,Team_Composition_23[[#All],[Yellow]:[Red]],7,FALSE) -> 0.00065533756 | R76: Data | S76: Yellow | T76: Red | AB76: Data | AC76: BR | AD76: Undercooked
A77: 13 | B77: =VLOOKUP(C77,Lists!I:J,2,FALSE) -> Melee DPS | C77: =VLOOKUP(E77&D77,Lists!C:E,3,FALSE) -> Greatsword/Spear | D77: House Regard | E77: B | F77: Yellow | G77: 20 | H77: 35 | I77: 55 | J77: 1504747 | K77: 17652 | L77: 17652 | M77: =I77/(HLOOKUP(F77,Team_Composition_23[[#All],[Yellow]:[Red]],10,FALSE)+HLOOKUP(F77,Team_Composition_23[[#All],[Yellow]:[Red]],11,FALSE)) -> 0.013746563 | N77: =J77/HLOOKUP(F77,Team_Composition_23[[#All],[Yellow]:[Red]],6,FALSE) -> 0.033918512 | O77: =K77/HLOOKUP(F77,Team_Composition_23[[#All],[Yellow]:[Red]],8,FALSE) -> 0.0010076054 | P77: =L77/HLOOKUP(F77,Team_Composition_23[[#All],[Yellow]:[Red]],7,FALSE) -> 0.0013636391 | R77: Damage Dealt | S77: =SUMIFS('House R m UC 2 Aelon 2242026'!$J$2:$J$163,'House R m UC 2 Aelon 2242026'!$B$2:$B$163,"KS",'House R m UC 2 Aelon 2242026'!$F$2:$F$163,"Yellow") -> 2531122 | T77: =SUMIFS('House R m UC 2 Aelon 2242026'!$J$2:$J$163,'House R m UC 2 Aelon 2242026'!$B$2:$B$163,"KS",'House R m UC 2 Aelon 2242026'!$F$2:$F$163,"Red") -> 3723163 | AB77: Damage Dealt | AC77: =SUMIFS('House R m UC 2 Aelon 2242026'!$J$2:$J$163,'House R m UC 2 Aelon 2242026'!$B$2:$B$163,"KS",'House R m UC 2 Aelon 2242026'!$D$2:$D$163,"House Regard") -> 3013506 | AD77: =SUMIFS('House R m UC 2 Aelon 2242026'!$J$2:$J$163,'House R m UC 2 Aelon 2242026'!$B$2:$B$163,"KS",'House R m UC 2 Aelon 2242026'!$D$2:$D$163,"Undercooked") -> 3240779
A78: 14 | B78: =VLOOKUP(C78,Lists!I:J,2,FALSE) -> Melee DPS | C78: =VLOOKUP(E78&D78,Lists!C:E,3,FALSE) -> Greatsword/Spear | D78: Undercooked | E78: Margheritaa | F78: Yellow | G78: 18 | H78: 37 | I78: 55 | J78: 832655 | K78: 43577 | L78: 43577 | M78: =I78/(HLOOKUP(F78,Team_Composition_23[[#All],[Yellow]:[Red]],10,FALSE)+HLOOKUP(F78,Team_Composition_23[[#All],[Yellow]:[Red]],11,FALSE)) -> 0.013746563 | N78: =J78/HLOOKUP(F78,Team_Composition_23[[#All],[Yellow]:[Red]],6,FALSE) -> 0.018768882 | O78: =K78/HLOOKUP(F78,Team_Composition_23[[#All],[Yellow]:[Red]],8,FALSE) -> 0.0024874473 | P78: =L78/HLOOKUP(F78,Team_Composition_23[[#All],[Yellow]:[Red]],7,FALSE) -> 0.0033663778 | R78: Damage Taken | S78: =SUMIFS('House R m UC 2 Aelon 2242026'!$K$2:$K$163,'House R m UC 2 Aelon 2242026'!$B$2:$B$163,"KS",'House R m UC 2 Aelon 2242026'!$F$2:$F$163,"Yellow") -> 100118 | T78: =SUMIFS('House R m UC 2 Aelon 2242026'!$K$2:$K$163,'House R m UC 2 Aelon 2242026'!$B$2:$B$163,"KS",'House R m UC 2 Aelon 2242026'!$F$2:$F$163,"Red") -> 48771 | AB78: Damage Taken | AC78: =SUMIFS('House R m UC 2 Aelon 2242026'!$K$2:$K$163,'House R m UC 2 Aelon 2242026'!$B$2:$B$163,"KS",'House R m UC 2 Aelon 2242026'!$D$2:$D$163,"House Regard") -> 70429 | AD78: =SUMIFS('House R m UC 2 Aelon 2242026'!$K$2:$K$163,'House R m UC 2 Aelon 2242026'!$B$2:$B$163,"KS",'House R m UC 2 Aelon 2242026'!$D$2:$D$163,"Undercooked") -> 78460
A79: 20 | B79: =VLOOKUP(C79,Lists!I:J,2,FALSE) -> Melee DPS | C79: =VLOOKUP(E79&D79,Lists!C:E,3,FALSE) -> Greatsword/Spear | D79: House Regard | E79: Baozer | F79: Yellow | G79: 14 | H79: 47 | I79: 61 | J79: 1463082 | K79: 42224 | L79: 42224 | M79: =I79/(HLOOKUP(F79,Team_Composition_23[[#All],[Yellow]:[Red]],10,FALSE)+HLOOKUP(F79,Team_Composition_23[[#All],[Yellow]:[Red]],11,FALSE)) -> 0.015246188 | N79: =J79/HLOOKUP(F79,Team_Composition_23[[#All],[Yellow]:[Red]],6,FALSE) -> 0.032979341 | O79: =K79/HLOOKUP(F79,Team_Composition_23[[#All],[Yellow]:[Red]],8,FALSE) -> 0.0024102158 | P79: =L79/HLOOKUP(F79,Team_Composition_23[[#All],[Yellow]:[Red]],7,FALSE) -> 0.0032618569 | R79: Amount Healed | S79: =SUMIFS('House R m UC 2 Aelon 2242026'!$L$2:$L$163,'House R m UC 2 Aelon 2242026'!$B$2:$B$163,"KS",'House R m UC 2 Aelon 2242026'!$F$2:$F$163,"Yellow") -> 100118 | T79: =SUMIFS('House R m UC 2 Aelon 2242026'!$L$2:$L$163,'House R m UC 2 Aelon 2242026'!$B$2:$B$163,"KS",'House R m UC 2 Aelon 2242026'!$F$2:$F$163,"Red") -> 48771 | AB79: Amount Healed | AC79: =SUMIFS('House R m UC 2 Aelon 2242026'!$L$2:$L$163,'House R m UC 2 Aelon 2242026'!$B$2:$B$163,"KS",'House R m UC 2 Aelon 2242026'!$D$2:$D$163,"House Regard") -> 70429 | AD79: =SUMIFS('House R m UC 2 Aelon 2242026'!$L$2:$L$163,'House R m UC 2 Aelon 2242026'!$B$2:$B$163,"KS",'House R m UC 2 Aelon 2242026'!$D$2:$D$163,"Undercooked") -> 78460
A80: 26 | B80: Melee DPS | C80: =VLOOKUP(E80&D80,Lists!C:E,3,FALSE) -> Greatsword/Spear | D80: House Regard | E80: POME | F80: Red | G80: 10 | H80: 20 | I80: 30 | J80: 737645 | K80: 35493 | L80: 35493 | M80: =I80/(HLOOKUP(F80,Team_Composition_23[[#All],[Yellow]:[Red]],10,FALSE)+HLOOKUP(F80,Team_Composition_23[[#All],[Yellow]:[Red]],11,FALSE)) -> 0.036540804 | N80: =J80/HLOOKUP(F80,Team_Composition_23[[#All],[Yellow]:[Red]],6,FALSE) -> 0.041803801 | O80: =K80/HLOOKUP(F80,Team_Composition_23[[#All],[Yellow]:[Red]],8,FALSE) -> 0.000806367 | P80: =L80/HLOOKUP(F80,Team_Composition_23[[#All],[Yellow]:[Red]],7,FALSE) -> 0.0014625186 | R80: Kills | S80: =SUMIFS('House R m UC 2 Aelon 2242026'!$G$2:$G$163,'House R m UC 2 Aelon 2242026'!$B$2:$B$163,"KS",'House R m UC 2 Aelon 2242026'!$F$2:$F$163,"Yellow") -> 105 | T80: =SUMIFS('House R m UC 2 Aelon 2242026'!$G$2:$G$163,'House R m UC 2 Aelon 2242026'!$B$2:$B$163,"KS",'House R m UC 2 Aelon 2242026'!$F$2:$F$163,"Red") -> 56 | AB80: Kills | AC80: =SUMIFS('House R m UC 2 Aelon 2242026'!$G$2:$G$163,'House R m UC 2 Aelon 2242026'!$B$2:$B$163,"KS",'House R m UC 2 Aelon 2242026'!$D$2:$D$163,"House Regard") -> 75 | AD80: =SUMIFS('House R m UC 2 Aelon 2242026'!$G$2:$G$163,'House R m UC 2 Aelon 2242026'!$B$2:$B$163,"KS",'House R m UC 2 Aelon 2242026'!$D$2:$D$163,"Undercooked") -> 86
A81: 84 | B81: =VLOOKUP(C81,Lists!I:J,2,FALSE) -> Melee DPS | C81: =VLOOKUP(E81&D81,Lists!C:E,3,FALSE) -> Greatsword/Spear | D81: Undercooked | E81: Paella | F81: Yellow | G81: 0 | H81: 11 | I81: 11 | J81: 452821 | K81: 909684 | L81: 909684 | M81: =I81/(HLOOKUP(F81,Team_Composition_23[[#All],[Yellow]:[Red]],10,FALSE)+HLOOKUP(F81,Team_Composition_23[[#All],[Yellow]:[Red]],11,FALSE)) -> 0.0027493127 | N81: =J81/HLOOKUP(F81,Team_Composition_23[[#All],[Yellow]:[Red]],6,FALSE) -> 0.010207041 | O81: =K81/HLOOKUP(F81,Team_Composition_23[[#All],[Yellow]:[Red]],8,FALSE) -> 0.051926269 | P81: =L81/HLOOKUP(F81,Team_Composition_23[[#All],[Yellow]:[Red]],7,FALSE) -> 0.070274228 | R81: Assists | S81: =SUMIFS('House R m UC 2 Aelon 2242026'!$H$2:$H$163,'House R m UC 2 Aelon 2242026'!$B$2:$B$163,"KS",'House R m UC 2 Aelon 2242026'!$F$2:$F$163,"Yellow") -> 173 | T81: =SUMIFS('House R m UC 2 Aelon 2242026'!$H$2:$H$163,'House R m UC 2 Aelon 2242026'!$B$2:$B$163,"KS",'House R m UC 2 Aelon 2242026'!$F$2:$F$163,"Red") -> 108 | AB81: Assists | AC81: =SUMIFS('House R m UC 2 Aelon 2242026'!$H$2:$H$163,'House R m UC 2 Aelon 2242026'!$B$2:$B$163,"KS",'House R m UC 2 Aelon 2242026'!$D$2:$D$163,"House Regard") -> 134 | AD81: =SUMIFS('House R m UC 2 Aelon 2242026'!$H$2:$H$163,'House R m UC 2 Aelon 2242026'!$B$2:$B$163,"KS",'House R m UC 2 Aelon 2242026'!$D$2:$D$163,"Undercooked") -> 147
A82: 85 | B82: =VLOOKUP(C82,Lists!I:J,2,FALSE) -> Melee DPS | C82: =VLOOKUP(E82&D82,Lists!C:E,3,FALSE) -> Greatsword/Spear | D82: Undercooked | E82: Prosciutto | F82: Red | G82: 0 | H82: 10 | I82: 10 | J82: 240069 | K82: 9811 | L82: 9811 | M82: =I82/(HLOOKUP(F82,Team_Composition_23[[#All],[Yellow]:[Red]],10,FALSE)+HLOOKUP(F82,Team_Composition_23[[#All],[Yellow]:[Red]],11,FALSE)) -> 0.012180268 | N82: =J82/HLOOKUP(F82,Team_Composition_23[[#All],[Yellow]:[Red]],6,FALSE) -> 0.013605185 | O82: =K82/HLOOKUP(F82,Team_Composition_23[[#All],[Yellow]:[Red]],8,FALSE) -> 0.00022289653 | P82: =L82/HLOOKUP(F82,Team_Composition_23[[#All],[Yellow]:[Red]],7,FALSE) -> 0.00040427042 | R82: Crossbow/Dagger | S82: =COUNTIFS(C:C,R82,F:F,"Yellow") -> 3 | T82: =COUNTIFS(C:C,R82,F:F,"Red") -> 2 | AB82: Crossbow/Dagger | AC82: =COUNTIFS(C:C,AB82,D:D,"House Regard") -> 3 | AD82: =COUNTIFS(C:C,AB82,D:D,"Undercooked") -> 2
A83: 4 | B83: =VLOOKUP(C83,Lists!I:J,2,FALSE) -> KS | C83: =VLOOKUP(E83&D83,Lists!C:E,3,FALSE) -> Greatsword/Dagger | D83: Undercooked | E83: ALilSnakes | F83: Yellow | G83: 32 | H83: 52 | I83: 84 | J83: 649745 | K83: 33431 | L83: 33431 | M83: =I83/(HLOOKUP(F83,Team_Composition_23[[#All],[Yellow]:[Red]],10,FALSE)+HLOOKUP(F83,Team_Composition_23[[#All],[Yellow]:[Red]],11,FALSE)) -> 0.020994751 | N83: =J83/HLOOKUP(F83,Team_Composition_23[[#All],[Yellow]:[Red]],6,FALSE) -> 0.014645906 | O83: =K83/HLOOKUP(F83,Team_Composition_23[[#All],[Yellow]:[Red]],8,FALSE) -> 0.0019082968 | P83: =L83/HLOOKUP(F83,Team_Composition_23[[#All],[Yellow]:[Red]],7,FALSE) -> 0.0025825866 | R83: Greatsword/Dagger | S83: =COUNTIFS(C:C,R83,F:F,"Yellow") -> 2 | T83: =COUNTIFS(C:C,R83,F:F,"Red") -> 3 | AB83: Greatsword/Dagger | AC83: =COUNTIFS(C:C,AB83,D:D,"House Regard") -> 2 | AD83: =COUNTIFS(C:C,AB83,D:D,"Undercooked") -> 3
A84: 21 | B84: =VLOOKUP(C84,Lists!I:J,2,FALSE) -> KS | C84: =VLOOKUP(E84&D84,Lists!C:E,3,FALSE) -> Greatsword/Dagger | D84: House Regard | E84: RayPeat | F84: Yellow | G84: 13 | H84: 31 | I84: 44 | J84: 516973 | K84: 31421 | L84: 31421 | M84: =I84/(HLOOKUP(F84,Team_Composition_23[[#All],[Yellow]:[Red]],10,FALSE)+HLOOKUP(F84,Team_Composition_23[[#All],[Yellow]:[Red]],11,FALSE)) -> 0.010997251 | N84: =J84/HLOOKUP(F84,Team_Composition_23[[#All],[Yellow]:[Red]],6,FALSE) -> 0.011653092 | O84: =K84/HLOOKUP(F84,Team_Composition_23[[#All],[Yellow]:[Red]],8,FALSE) -> 0.0017935627 | P84: =L84/HLOOKUP(F84,Team_Composition_23[[#All],[Yellow]:[Red]],7,FALSE) -> 0.0024273116 | R84: Longbow/Dagger | S84: =COUNTIFS(C:C,R84,F:F,"Yellow") -> 0 | T84: =COUNTIFS(C:C,R84,F:F,"Red") -> 0 | AB84: Longbow/Dagger | AC84: =COUNTIFS(C:C,AB84,D:D,"House Regard") -> 0 | AD84: =COUNTIFS(C:C,AB84,D:D,"Undercooked") -> 0
A85: 22 | B85: =VLOOKUP(C85,Lists!I:J,2,FALSE) -> KS | C85: =VLOOKUP(E85&D85,Lists!C:E,3,FALSE) -> Greatsword/Dagger | D85: House Regard | E85: 皮姆利 | F85: Red | G85: 13 | H85: 26 | I85: 39 | J85: 969970 | K85: 3742 | L85: 3742 | M85: =I85/(HLOOKUP(F85,Team_Composition_23[[#All],[Yellow]:[Red]],10,FALSE)+HLOOKUP(F85,Team_Composition_23[[#All],[Yellow]:[Red]],11,FALSE)) -> 0.047503045 | N85: =J85/HLOOKUP(F85,Team_Composition_23[[#All],[Yellow]:[Red]],6,FALSE) -> 0.054970118 | O85: =K85/HLOOKUP(F85,Team_Composition_23[[#All],[Yellow]:[Red]],8,FALSE) -> 8.501466e-05 | P85: =L85/HLOOKUP(F85,Team_Composition_23[[#All],[Yellow]:[Red]],7,FALSE) -> 0.00015419223
A86: 28 | B86: =VLOOKUP(C86,Lists!I:J,2,FALSE) -> KS | C86: =VLOOKUP(E86&D86,Lists!C:E,3,FALSE) -> Greatsword/Dagger | D86: Undercooked | E86: waffles | F86: Red | G86: 9 | H86: 18 | I86: 27 | J86: 917832 | K86: 17181 | L86: 17181 | M86: =I86/(HLOOKUP(F86,Team_Composition_23[[#All],[Yellow]:[Red]],10,FALSE)+HLOOKUP(F86,Team_Composition_23[[#All],[Yellow]:[Red]],11,FALSE)) -> 0.032886724 | N86: =J86/HLOOKUP(F86,Team_Composition_23[[#All],[Yellow]:[Red]],6,FALSE) -> 0.052015355 | O86: =K86/HLOOKUP(F86,Team_Composition_23[[#All],[Yellow]:[Red]],8,FALSE) -> 0.00039033588 | P86: =L86/HLOOKUP(F86,Team_Composition_23[[#All],[Yellow]:[Red]],7,FALSE) -> 0.00070795741
A87: 29 | B87: =VLOOKUP(C87,Lists!I:J,2,FALSE) -> KS | C87: =VLOOKUP(E87&D87,Lists!C:E,3,FALSE) -> Greatsword/Dagger | D87: Undercooked | E87: sausage | F87: Red | G87: 8 | H87: 24 | I87: 32 | J87: 536251 | K87: 21545 | L87: 21545 | M87: =I87/(HLOOKUP(F87,Team_Composition_23[[#All],[Yellow]:[Red]],10,FALSE)+HLOOKUP(F87,Team_Composition_23[[#All],[Yellow]:[Red]],11,FALSE)) -> 0.038976857 | N87: =J87/HLOOKUP(F87,Team_Composition_23[[#All],[Yellow]:[Red]],6,FALSE) -> 0.030390405 | O87: =K87/HLOOKUP(F87,Team_Composition_23[[#All],[Yellow]:[Red]],8,FALSE) -> 0.00048948179 | P87: =L87/HLOOKUP(F87,Team_Composition_23[[#All],[Yellow]:[Red]],7,FALSE) -> 0.00088777966
A88: 2 | B88: Melee DPS | C88: =VLOOKUP(E88&D88,Lists!C:E,3,FALSE) -> Crossbow/SnS | D88: Undercooked | E88: Slushy | F88: Red | G88: 39 | H88: 57 | I88: 96 | J88: 425799 | K88: 31122 | L88: 31122 | M88: =I88/(HLOOKUP(F88,Team_Composition_23[[#All],[Yellow]:[Red]],10,FALSE)+HLOOKUP(F88,Team_Composition_23[[#All],[Yellow]:[Red]],11,FALSE)) -> 0.11693057 | N88: =J88/HLOOKUP(F88,Team_Composition_23[[#All],[Yellow]:[Red]],6,FALSE) -> 0.024130871 | O88: =K88/HLOOKUP(F88,Team_Composition_23[[#All],[Yellow]:[Red]],8,FALSE) -> 0.00070706206 | P88: =L88/HLOOKUP(F88,Team_Composition_23[[#All],[Yellow]:[Red]],7,FALSE) -> 0.0012824079
A89: 6 | B89: Melee DPS | C89: =VLOOKUP(E89&D89,Lists!C:E,3,FALSE) -> Crossbow/SnS | D89: House Regard | E89: charigueya | F89: Yellow | G89: 28 | H89: 32 | I89: 60 | J89: 548081 | K89: 10032 | L89: 10032 | M89: =I89/(HLOOKUP(F89,Team_Composition_23[[#All],[Yellow]:[Red]],10,FALSE)+HLOOKUP(F89,Team_Composition_23[[#All],[Yellow]:[Red]],11,FALSE)) -> 0.014996251 | N89: =J89/HLOOKUP(F89,Team_Composition_23[[#All],[Yellow]:[Red]],6,FALSE) -> 0.012354297 | O89: =K89/HLOOKUP(F89,Team_Composition_23[[#All],[Yellow]:[Red]],8,FALSE) -> 0.00057264317 | P89: =L89/HLOOKUP(F89,Team_Composition_23[[#All],[Yellow]:[Red]],7,FALSE) -> 0.00077498456
A90: 7 | B90: =VLOOKUP(C90,Lists!I:J,2,FALSE) -> Ranged DPS | C90: =VLOOKUP(E90&D90,Lists!C:E,3,FALSE) -> Crossbow/SnS | D90: House Regard | E90: Thundercats | F90: Yellow | G90: 25 | H90: 26 | I90: 51 | J90: 514663 | K90: 41104 | L90: 41104 | M90: =I90/(HLOOKUP(F90,Team_Composition_23[[#All],[Yellow]:[Red]],10,FALSE)+HLOOKUP(F90,Team_Composition_23[[#All],[Yellow]:[Red]],11,FALSE)) -> 0.012746813 | N90: =J90/HLOOKUP(F90,Team_Composition_23[[#All],[Yellow]:[Red]],6,FALSE) -> 0.011601022 | O90: =K90/HLOOKUP(F90,Team_Composition_23[[#All],[Yellow]:[Red]],8,FALSE) -> 0.0023462844 | P90: =L90/HLOOKUP(F90,Team_Composition_23[[#All],[Yellow]:[Red]],7,FALSE) -> 0.0031753355
A91: 12 | B91: =VLOOKUP(C91,Lists!I:J,2,FALSE) -> Ranged DPS | C91: =VLOOKUP(E91&D91,Lists!C:E,3,FALSE) -> Crossbow/SnS | D91: Undercooked | E91: Pho | F91: Red | G91: 21 | H91: 62 | I91: 83 | J91: 214507 | K91: 27766 | L91: 27766 | M91: =I91/(HLOOKUP(F91,Team_Composition_23[[#All],[Yellow]:[Red]],10,FALSE)+HLOOKUP(F91,Team_Composition_23[[#All],[Yellow]:[Red]],11,FALSE)) -> 0.10109622 | N91: =J91/HLOOKUP(F91,Team_Composition_23[[#All],[Yellow]:[Red]],6,FALSE) -> 0.012156536 | O91: =K91/HLOOKUP(F91,Team_Composition_23[[#All],[Yellow]:[Red]],8,FALSE) -> 0.00063081696 | P91: =L91/HLOOKUP(F91,Team_Composition_23[[#All],[Yellow]:[Red]],7,FALSE) -> 0.0011441211
A92: 89 | B92: =VLOOKUP(C92,Lists!I:J,2,FALSE) -> Ranged DPS | C92: =VLOOKUP(E92&D92,Lists!C:E,3,FALSE) -> Crossbow/SnS | D92: House Regard | E92: MrCantoni | F92: Red | G92: 0 | H92: 8 | I92: 8 | J92: 220899 | K92: 115624 | L92: 115624 | M92: =I92/(HLOOKUP(F92,Team_Composition_23[[#All],[Yellow]:[Red]],10,FALSE)+HLOOKUP(F92,Team_Composition_23[[#All],[Yellow]:[Red]],11,FALSE)) -> 0.0097442144 | N92: =J92/HLOOKUP(F92,Team_Composition_23[[#All],[Yellow]:[Red]],6,FALSE) -> 0.012518783 | O92: =K92/HLOOKUP(F92,Team_Composition_23[[#All],[Yellow]:[Red]],8,FALSE) -> 0.0026268667 | P92: =L92/HLOOKUP(F92,Team_Composition_23[[#All],[Yellow]:[Red]],7,FALSE) -> 0.0047643832
A93: 8 | B93: =VLOOKUP(C93,Lists!I:J,2,FALSE) -> KS | C93: =VLOOKUP(E93&D93,Lists!C:E,3,FALSE) -> Crossbow/Dagger | D93: Undercooked | E93: Butter | F93: Yellow | G93: 24 | H93: 36 | I93: 60 | J93: 460254 | K93: 0 | L93: 0 | M93: =I93/(HLOOKUP(F93,Team_Composition_23[[#All],[Yellow]:[Red]],10,FALSE)+HLOOKUP(F93,Team_Composition_23[[#All],[Yellow]:[Red]],11,FALSE)) -> 0.014996251 | N93: =J93/HLOOKUP(F93,Team_Composition_23[[#All],[Yellow]:[Red]],6,FALSE) -> 0.010374588 | O93: =K93/HLOOKUP(F93,Team_Composition_23[[#All],[Yellow]:[Red]],8,FALSE) -> 0 | P93: =L93/HLOOKUP(F93,Team_Composition_23[[#All],[Yellow]:[Red]],7,FALSE) -> 0
A94: 15 | B94: =VLOOKUP(C94,Lists!I:J,2,FALSE) -> KS | C94: =VLOOKUP(E94&D94,Lists!C:E,3,FALSE) -> Crossbow/Dagger | D94: House Regard | E94: Eshaberry | F94: Yellow | G94: 18 | H94: 30 | I94: 48 | J94: 380887 | K94: 9246 | L94: 9246 | M94: =I94/(HLOOKUP(F94,Team_Composition_23[[#All],[Yellow]:[Red]],10,FALSE)+HLOOKUP(F94,Team_Composition_23[[#All],[Yellow]:[Red]],11,FALSE)) -> 0.011997001 | N94: =J94/HLOOKUP(F94,Team_Composition_23[[#All],[Yellow]:[Red]],6,FALSE) -> 0.0085855764 | O94: =K94/HLOOKUP(F94,Team_Composition_23[[#All],[Yellow]:[Red]],8,FALSE) -> 0.00052777699 | P94: =L94/HLOOKUP(F94,Team_Composition_23[[#All],[Yellow]:[Red]],7,FALSE) -> 0.00071426508
A95: 16 | B95: =VLOOKUP(C95,Lists!I:J,2,FALSE) -> KS | C95: =VLOOKUP(E95&D95,Lists!C:E,3,FALSE) -> Crossbow/Dagger | D95: House Regard | E95: vexzus | F95: Yellow | G95: 18 | H95: 24 | I95: 42 | J95: 523263 | K95: 26020 | L95: 26020 | M95: =I95/(HLOOKUP(F95,Team_Composition_23[[#All],[Yellow]:[Red]],10,FALSE)+HLOOKUP(F95,Team_Composition_23[[#All],[Yellow]:[Red]],11,FALSE)) -> 0.010497376 | N95: =J95/HLOOKUP(F95,Team_Composition_23[[#All],[Yellow]:[Red]],6,FALSE) -> 0.011794875 | O95: =K95/HLOOKUP(F95,Team_Composition_23[[#All],[Yellow]:[Red]],8,FALSE) -> 0.0014852647 | P95: =L95/HLOOKUP(F95,Team_Composition_23[[#All],[Yellow]:[Red]],7,FALSE) -> 0.0020100776
A96: 23 | B96: =VLOOKUP(C96,Lists!I:J,2,FALSE) -> KS | C96: =VLOOKUP(E96&D96,Lists!C:E,3,FALSE) -> Crossbow/Dagger | D96: House Regard | E96: eepy | F96: Red | G96: 13 | H96: 23 | I96: 36 | J96: 622413 | K96: 0 | L96: 0 | M96: =I96/(HLOOKUP(F96,Team_Composition_23[[#All],[Yellow]:[Red]],10,FALSE)+HLOOKUP(F96,Team_Composition_23[[#All],[Yellow]:[Red]],11,FALSE)) -> 0.043848965 | N96: =J96/HLOOKUP(F96,Team_Composition_23[[#All],[Yellow]:[Red]],6,FALSE) -> 0.035273376 | O96: =K96/HLOOKUP(F96,Team_Composition_23[[#All],[Yellow]:[Red]],8,FALSE) -> 0 | P96: =L96/HLOOKUP(F96,Team_Composition_23[[#All],[Yellow]:[Red]],7,FALSE) -> 0
A97: 24 | B97: =VLOOKUP(C97,Lists!I:J,2,FALSE) -> KS | C97: =VLOOKUP(E97&D97,Lists!C:E,3,FALSE) -> Crossbow/Dagger | D97: Undercooked | E97: bacon | F97: Red | G97: 13 | H97: 17 | I97: 30 | J97: 676697 | K97: 6303 | L97: 6303 | M97: =I97/(HLOOKUP(F97,Team_Composition_23[[#All],[Yellow]:[Red]],10,FALSE)+HLOOKUP(F97,Team_Composition_23[[#All],[Yellow]:[Red]],11,FALSE)) -> 0.036540804 | N97: =J97/HLOOKUP(F97,Team_Composition_23[[#All],[Yellow]:[Red]],6,FALSE) -> 0.038349757 | O97: =K97/HLOOKUP(F97,Team_Composition_23[[#All],[Yellow]:[Red]],8,FALSE) -> 0.00014319813 | P97: =L97/HLOOKUP(F97,Team_Composition_23[[#All],[Yellow]:[Red]],7,FALSE) -> 0.00025972036
B109: =VLOOKUP(C109,Lists!I:J,2,FALSE) -> #N/A
B110: =VLOOKUP(C110,Lists!I:J,2,FALSE) -> #N/A
B111: =VLOOKUP(C111,Lists!I:J,2,FALSE) -> #N/A
...

Sheet House R m UC Aden 1 2242026
A1: / | B1: Role | C1: Weapons | D1: Guild | E1: Name | F1: Team | G1: Kills | H1: Assists | I1: K + A | J1: Damage Dealt | K1: Damage Taken | L1: Amount Healed | M1: K+A Eff | N1: Dmg Dealt Eff | O1: Dmg Taken Eff | P1: Amt Healed Eff
A2: 75 | B2: =VLOOKUP(C2,Lists!I:J,2,FALSE) -> #N/A | C2: =VLOOKUP(E2&D2,Lists!C:E,3,FALSE) -> #N/A | D2: Undercooked | E2: aquillo | F2: Yellow | G2: 0 | H2: 14 | I2: =SUM(G2:H2) -> 14 | J2: 8979 | K2: 336381 | L2: 413532 | M2: =I2/(HLOOKUP(F2,Team_Composition_23[[#All],[Yellow]:[Red]],10,FALSE)+HLOOKUP(F2,Team_Composition_23[[#All],[Yellow]:[Red]],11,FALSE)) -> 0.0034991252 | N2: =J2/HLOOKUP(F2,Team_Composition_23[[#All],[Yellow]:[Red]],6,FALSE) -> 0.0002023957 | O2: =K2/HLOOKUP(F2,Team_Composition_23[[#All],[Yellow]:[Red]],8,FALSE) -> 0.019201184 | P2: =L2/HLOOKUP(F2,Team_Composition_23[[#All],[Yellow]:[Red]],7,FALSE) -> 0.031945865 | R2: Overall Stats | V2: Top Kills + Assists | Y2: Top Damage Dealt | AB2: Overall Stats by Guild
A3: 92 | B3: =VLOOKUP(C3,Lists!I:J,2,FALSE) -> #N/A | C3: =VLOOKUP(E3&D3,Lists!C:E,3,FALSE) -> #N/A | D3: Undercooked | E3: Broccoli | F3: Red | G3: 0 | H3: 5 | I3: =SUM(G3:H3) -> 5 | J3: 31741 | K3: 256207 | L3: 49225 | M3: =I3/(HLOOKUP(F3,Team_Composition_23[[#All],[Yellow]:[Red]],10,FALSE)+HLOOKUP(F3,Team_Composition_23[[#All],[Yellow]:[Red]],11,FALSE)) -> 0.006090134 | N3: =J3/HLOOKUP(F3,Team_Composition_23[[#All],[Yellow]:[Red]],6,FALSE) -> 0.0017988252 | O3: =K3/HLOOKUP(F3,Team_Composition_23[[#All],[Yellow]:[Red]],8,FALSE) -> 0.0058207779 | P3: =L3/HLOOKUP(F3,Team_Composition_23[[#All],[Yellow]:[Red]],7,FALSE) -> 0.0020283571 | R3: Data | S3: Yellow | T3: Red | V3: Name | W3: K + A | Y3: Name | Z3: Damage | AB3: Data | AC3: BR | AD3: Undercooked
A4: 76 | B4: =VLOOKUP(C4,Lists!I:J,2,FALSE) -> #N/A | C4: =VLOOKUP(E4&D4,Lists!C:E,3,FALSE) -> #N/A | D4: Undercooked | E4: cyclingpig | F4: Yellow | G4: 0 | H4: 14 | I4: =SUM(G4:H4) -> 14 | J4: 3141 | K4: 167019 | L4: 298390 | M4: =I4/(HLOOKUP(F4,Team_Composition_23[[#All],[Yellow]:[Red]],10,FALSE)+HLOOKUP(F4,Team_Composition_23[[#All],[Yellow]:[Red]],11,FALSE)) -> 0.0034991252 | N4: =J4/HLOOKUP(F4,Team_Composition_23[[#All],[Yellow]:[Red]],6,FALSE) -> 7.0801302e-05 | O4: =K4/HLOOKUP(F4,Team_Composition_23[[#All],[Yellow]:[Red]],8,FALSE) -> 0.0095337211 | P4: =L4/HLOOKUP(F4,Team_Composition_23[[#All],[Yellow]:[Red]],7,FALSE) -> 0.023051001 | R4: Melee DPS | S4: =COUNTIFS(Scoreboard_44[Role],R4,Scoreboard_44[Team],"Yellow") -> 3 | T4: =COUNTIFS(Scoreboard_44[Role],R4,Scoreboard_44[Team],"Red") -> 4 | V4: =IFERROR(__xludf.DUMMYFUNCTION("query(A1:P238, ""Select E,I where B!='Healer' Order by I Desc Limit 10"", 0)"),"Baozer") -> Baozer | W4: =IFERROR(__xludf.DUMMYFUNCTION("""COMPUTED_VALUE"""),127) -> 127 | Y4: =IFERROR(__xludf.DUMMYFUNCTION("query(A1:P238, ""Select E,J Order by J Desc Limit 10"", 0)"),"Ceviche") -> Ceviche | Z4: =IFERROR(__xludf.DUMMYFUNCTION("""COMPUTED_VALUE"""),2957408) -> 2957408 | AB4: Melee DPS | AC4: =COUNTIFS(Scoreboard_44[Role],AB4,Scoreboard_44[Guild],"House Regard") -> 3 | AD4: =COUNTIFS(Scoreboard_44[Role],AB4,Scoreboard_44[Guild],"Undercooked") -> 4
A5: 41 | B5: =VLOOKUP(C5,Lists!I:J,2,FALSE) -> #N/A | C5: =VLOOKUP(E5&D5,Lists!C:E,3,FALSE) -> #N/A | D5: MÉNACE 会 | E5: Dodl | F5: Red | G5: 1 | H5: 10 | I5: =SUM(G5:H5) -> 11 | J5: 91259 | K5: 163796 | L5: 31628 | M5: =I5/(HLOOKUP(F5,Team_Composition_23[[#All],[Yellow]:[Red]],10,FALSE)+HLOOKUP(F5,Team_Composition_23[[#All],[Yellow]:[Red]],11,FALSE)) -> 0.013398295 | N5: =J5/HLOOKUP(F5,Team_Composition_23[[#All],[Yellow]:[Red]],6,FALSE) -> 0.005171828 | O5: =K5/HLOOKUP(F5,Team_Composition_23[[#All],[Yellow]:[Red]],8,FALSE) -> 0.0037212884 | P5: =L5/HLOOKUP(F5,Team_Composition_23[[#All],[Yellow]:[Red]],7,FALSE) -> 0.0013032581 | R5: Ranged DPS | S5: =COUNTIFS(Scoreboard_44[Role],R5,Scoreboard_44[Team],"Yellow") -> 8 | T5: =COUNTIFS(Scoreboard_44[Role],R5,Scoreboard_44[Team],"Red") -> 7 | V5: =IFERROR(__xludf.DUMMYFUNCTION("""COMPUTED_VALUE"""),"Ceviche") -> Ceviche | W5: =IFERROR(__xludf.DUMMYFUNCTION("""COMPUTED_VALUE"""),120) -> 120 | Y5: =IFERROR(__xludf.DUMMYFUNCTION("""COMPUTED_VALUE"""),"Gelato") -> Gelato | Z5: =IFERROR(__xludf.DUMMYFUNCTION("""COMPUTED_VALUE"""),2345202) -> 2345202 | AB5: Ranged DPS | AC5: =COUNTIFS(Scoreboard_44[Role],AB5,Scoreboard_44[Guild],"House Regard") -> 9 | AD5: =COUNTIFS(Scoreboard_44[Role],AB5,Scoreboard_44[Guild],"Undercooked") -> 6
A6: 96 | B6: =VLOOKUP(C6,Lists!I:J,2,FALSE) -> Healer | C6: =VLOOKUP(E6&D6,Lists!C:E,3,FALSE) -> Wand/Orb | D6: Undercooked | E6: Hazelnut | F6: Yellow | G6: 0 | H6: 3 | I6: =SUM(G6:H6) -> 3 | J6: 6905 | K6: 272304 | L6: 500480 | M6: =I6/(HLOOKUP(F6,Team_Composition_23[[#All],[Yellow]:[Red]],10,FALSE)+HLOOKUP(F6,Team_Composition_23[[#All],[Yellow]:[Red]],11,FALSE)) -> 0.00074981255 | N6: =J6/HLOOKUP(F6,Team_Composition_23[[#All],[Yellow]:[Red]],6,FALSE) -> 0.00015564565 | O6: =K6/HLOOKUP(F6,Team_Composition_23[[#All],[Yellow]:[Red]],8,FALSE) -> 0.015543563 | P6: =L6/HLOOKUP(F6,Team_Composition_23[[#All],[Yellow]:[Red]],7,FALSE) -> 0.038662707 | R6: Tank | S6: =COUNTIFS(Scoreboard_44[Role],R6,Scoreboard_44[Team],"Yellow") -> 11 | T6: =COUNTIFS(Scoreboard_44[Role],R6,Scoreboard_44[Team],"Red") -> 11 | V6: =IFERROR(__xludf.DUMMYFUNCTION("""COMPUTED_VALUE"""),"B") -> B | W6: =IFERROR(__xludf.DUMMYFUNCTION("""COMPUTED_VALUE"""),100) -> 100 | Y6: =IFERROR(__xludf.DUMMYFUNCTION("""COMPUTED_VALUE"""),"Slushy") -> Slushy | Z6: =IFERROR(__xludf.DUMMYFUNCTION("""COMPUTED_VALUE"""),2262523) -> 2262523 | AB6: Tank | AC6: =COUNTIFS(Scoreboard_44[Role],AB6,Scoreboard_44[Guild],"House Regard") -> 14 | AD6: =COUNTIFS(Scoreboard_44[Role],AB6,Scoreboard_44[Guild],"Undercooked") -> 8
A7: 26 | B7: =VLOOKUP(C7,Lists!I:J,2,FALSE) -> #N/A | C7: =VLOOKUP(E7&D7,Lists!C:E,3,FALSE) -> #N/A | D7: Undercooked | E7: melatonin | F7: Yellow | G7: 11 | H7: 21 | I7: =SUM(G7:H7) -> 32 | J7: 768654 | K7: 362925 | L7: 0 | M7: =I7/(HLOOKUP(F7,Team_Composition_23[[#All],[Yellow]:[Red]],10,FALSE)+HLOOKUP(F7,Team_Composition_23[[#All],[Yellow]:[Red]],11,FALSE)) -> 0.0079980005 | N7: =J7/HLOOKUP(F7,Team_Composition_23[[#All],[Yellow]:[Red]],6,FALSE) -> 0.017326235 | O7: =K7/HLOOKUP(F7,Team_Composition_23[[#All],[Yellow]:[Red]],8,FALSE) -> 0.02071636 | P7: =L7/HLOOKUP(F7,Team_Composition_23[[#All],[Yellow]:[Red]],7,FALSE) -> 0 | R7: Healer | S7: =COUNTIFS(Scoreboard_44[Role],R7,Scoreboard_44[Team],"Yellow") -> 14 | T7: =COUNTIFS(Scoreboard_44[Role],R7,Scoreboard_44[Team],"Red") -> 17 | V7: =IFERROR(__xludf.DUMMYFUNCTION("""COMPUTED_VALUE"""),"charigueya") -> charigueya | W7: =IFERROR(__xludf.DUMMYFUNCTION("""COMPUTED_VALUE"""),97) -> 97 | Y7: =IFERROR(__xludf.DUMMYFUNCTION("""COMPUTED_VALUE"""),"Thundercats") -> Thundercats | Z7: =IFERROR(__xludf.DUMMYFUNCTION("""COMPUTED_VALUE"""),2177840) -> 2177840 | AB7: Healer | AC7: =COUNTIFS(Scoreboard_44[Role],AB7,Scoreboard_44[Guild],"House Regard") -> 16 | AD7: =COUNTIFS(Scoreboard_44[Role],AB7,Scoreboard_44[Guild],"Undercooked") -> 15
A8: 20 | B8: =VLOOKUP(C8,Lists!I:J,2,FALSE) -> #N/A | C8: =VLOOKUP(E8&D8,Lists!C:E,3,FALSE) -> #N/A | D8: Undercooked | E8: ohMnMs | F8: Red | G8: 14 | H8: 50 | I8: =SUM(G8:H8) -> 64 | J8: 965427 | K8: 1011235 | L8: 2662 | M8: =I8/(HLOOKUP(F8,Team_Composition_23[[#All],[Yellow]:[Red]],10,FALSE)+HLOOKUP(F8,Team_Composition_23[[#All],[Yellow]:[Red]],11,FALSE)) -> 0.077953715 | N8: =J8/HLOOKUP(F8,Team_Composition_23[[#All],[Yellow]:[Red]],6,FALSE) -> 0.054712657 | O8: =K8/HLOOKUP(F8,Team_Composition_23[[#All],[Yellow]:[Red]],8,FALSE) -> 0.022974292 | P8: =L8/HLOOKUP(F8,Team_Composition_23[[#All],[Yellow]:[Red]],7,FALSE) -> 0.00010968993 | R8: Damage Dealt | S8: =SUMIFS(Scoreboard_44[Damage Dealt],Scoreboard_44[Team],"Yellow") -> 21064583 | T8: =SUMIFS(Scoreboard_44[Damage Dealt],Scoreboard_44[Team],"Red") -> 26502592 | V8: =IFERROR(__xludf.DUMMYFUNCTION("""COMPUTED_VALUE"""),"Gelato") -> Gelato | W8: =IFERROR(__xludf.DUMMYFUNCTION("""COMPUTED_VALUE"""),93) -> 93 | Y8: =IFERROR(__xludf.DUMMYFUNCTION("""COMPUTED_VALUE"""),"CruMpet") -> CruMpet | Z8: =IFERROR(__xludf.DUMMYFUNCTION("""COMPUTED_VALUE"""),2097283) -> 2097283 | AB8: Damage Dealt | AC8: =SUMIFS(Scoreboard_44[Damage Dealt],Scoreboard_44[Guild],"House Regard") -> 25834020 | AD8: =SUMIFS(Scoreboard_44[Damage Dealt],Scoreboard_44[Guild],"Undercooked") -> 21641896
A9: 86 | B9: =VLOOKUP(C9,Lists!I:J,2,FALSE) -> Ranged DPS | C9: =VLOOKUP(E9&D9,Lists!C:E,3,FALSE) -> Staff/Orb | D9: Undercooked | E9: Okonomiyaki | F9: Yellow | G9: 0 | H9: 7 | I9: =SUM(G9:H9) -> 7 | J9: 51073 | K9: 372985 | L9: 14181 | M9: =I9/(HLOOKUP(F9,Team_Composition_23[[#All],[Yellow]:[Red]],10,FALSE)+HLOOKUP(F9,Team_Composition_23[[#All],[Yellow]:[Red]],11,FALSE)) -> 0.0017495626 | N9: =J9/HLOOKUP(F9,Team_Composition_23[[#All],[Yellow]:[Red]],6,FALSE) -> 0.0011512368 | O9: =K9/HLOOKUP(F9,Team_Composition_23[[#All],[Yellow]:[Red]],8,FALSE) -> 0.021290601 | P9: =L9/HLOOKUP(F9,Team_Composition_23[[#All],[Yellow]:[Red]],7,FALSE) -> 0.0010955 | R9: Amount Healed | S9: =SUMIFS(Scoreboard_44[Amount Healed],Scoreboard_44[Team],"Yellow") -> 17691424 | T9: =SUMIFS(Scoreboard_44[Amount Healed],Scoreboard_44[Team],"Red") -> 15286566 | V9: =IFERROR(__xludf.DUMMYFUNCTION("""COMPUTED_VALUE"""),"Thundercats") -> Thundercats | W9: =IFERROR(__xludf.DUMMYFUNCTION("""COMPUTED_VALUE"""),89) -> 89 | Y9: =IFERROR(__xludf.DUMMYFUNCTION("""COMPUTED_VALUE"""),"B") -> B | Z9: =IFERROR(__xludf.DUMMYFUNCTION("""COMPUTED_VALUE"""),2002415) -> 2002415 | AB9: Amount Healed | AC9: =SUMIFS(Scoreboard_44[Amount Healed],Scoreboard_44[Guild],"House Regard") -> 17087460 | AD9: =SUMIFS(Scoreboard_44[Amount Healed],Scoreboard_44[Guild],"Undercooked") -> 15858902
A10: 10 | B10: =VLOOKUP(C10,Lists!I:J,2,FALSE) -> #N/A | C10: =VLOOKUP(E10&D10,Lists!C:E,3,FALSE) -> #N/A | D10: Undercooked | E10: Revioli | F10: Yellow | G10: 23 | H10: 30 | I10: =SUM(G10:H10) -> 53 | J10: 1256032 | K10: 1368335 | L10: 34325 | M10: =I10/(HLOOKUP(F10,Team_Composition_23[[#All],[Yellow]:[Red]],10,FALSE)+HLOOKUP(F10,Team_Composition_23[[#All],[Yellow]:[Red]],11,FALSE)) -> 0.013246688 | N10: =J10/HLOOKUP(F10,Team_Composition_23[[#All],[Yellow]:[Red]],6,FALSE) -> 0.028312226 | O10: =K10/HLOOKUP(F10,Team_Composition_23[[#All],[Yellow]:[Red]],8,FALSE) -> 0.078106828 | P10: =L10/HLOOKUP(F10,Team_Composition_23[[#All],[Yellow]:[Red]],7,FALSE) -> 0.0026516492 | R10: Damage Taken | S10: =SUMIFS(Scoreboard_44[Damage Taken],Scoreboard_44[Team],"Yellow") -> 26492165 | T10: =SUMIFS(Scoreboard_44[Damage Taken],Scoreboard_44[Team],"Red") -> 21080010 | V10: =IFERROR(__xludf.DUMMYFUNCTION("""COMPUTED_VALUE"""),"Ratatouille") -> Ratatouille | W10: =IFERROR(__xludf.DUMMYFUNCTION("""COMPUTED_VALUE"""),77) -> 77 | Y10: =IFERROR(__xludf.DUMMYFUNCTION("""COMPUTED_VALUE"""),"Ryujin") -> Ryujin | Z10: =IFERROR(__xludf.DUMMYFUNCTION("""COMPUTED_VALUE"""),1979246) -> 1979246 | AB10: Damage Taken | AC10: =SUMIFS(Scoreboard_44[Damage Taken],Scoreboard_44[Guild],"House Regard") -> 23841056 | AD10: =SUMIFS(Scoreboard_44[Damage Taken],Scoreboard_44[Guild],"Undercooked") -> 23567323
A11: 31 | B11: =VLOOKUP(C11,Lists!I:J,2,FALSE) -> #N/A | C11: =VLOOKUP(E11&D11,Lists!C:E,3,FALSE) -> #N/A | D11: Undercooked | E11: rulERwOw | F11: Yellow | G11: 4 | H11: 17 | I11: =SUM(G11:H11) -> 21 | J11: 626151 | K11: 711632 | L11: 0 | M11: =I11/(HLOOKUP(F11,Team_Composition_23[[#All],[Yellow]:[Red]],10,FALSE)+HLOOKUP(F11,Team_Composition_23[[#All],[Yellow]:[Red]],11,FALSE)) -> 0.0052486878 | N11: =J11/HLOOKUP(F11,Team_Composition_23[[#All],[Yellow]:[Red]],6,FALSE) -> 0.014114074 | O11: =K11/HLOOKUP(F11,Team_Composition_23[[#All],[Yellow]:[Red]],8,FALSE) -> 0.040621133 | P11: =L11/HLOOKUP(F11,Team_Composition_23[[#All],[Yellow]:[Red]],7,FALSE) -> 0 | R11: % DT Healed | S11: =IFERROR(DIVIDE(SUMIFS(Scoreboard_44[Amount Healed],Scoreboard_44[Team],"Yellow"), SUMIFS(Scoreboard_44[Damage Taken],Scoreboard_44[Team],"Yellow"))*(100),0) -> 0 | T11: =IFERROR(DIVIDE(SUMIFS(Scoreboard_44[Amount Healed],Scoreboard_44[Team],"Red"), SUMIFS(Scoreboard_44[Damage Taken],Scoreboard_44[Team],"Red"))*(100),0) -> 0 | V11: =IFERROR(__xludf.DUMMYFUNCTION("""COMPUTED_VALUE"""),"Ryujin") -> Ryujin | W11: =IFERROR(__xludf.DUMMYFUNCTION("""COMPUTED_VALUE"""),74) -> 74 | Y11: =IFERROR(__xludf.DUMMYFUNCTION("""COMPUTED_VALUE"""),"charigueya") -> charigueya | Z11: =IFERROR(__xludf.DUMMYFUNCTION("""COMPUTED_VALUE"""),1960189) -> 1960189 | AB11: % DT Healed | AC11: =IFERROR(DIVIDE(SUMIFS(Scoreboard_44[Amount Healed],Scoreboard_44[Guild],"House Regard"), SUMIFS(Scoreboard_44[Damage Taken],Scoreboard_44[Guild],"House Regard"))*(100),0) -> 0 | AD11: =IFERROR(DIVIDE(SUMIFS(Scoreboard_44[Amount Healed],Scoreboard_44[Guild],"Undercooked"), SUMIFS(Scoreboard_44[Damage Taken],Scoreboard_44[Guild],"Undercooked"))*(100),0) -> 0
A12: 94 | B12: =VLOOKUP(C12,Lists!I:J,2,FALSE) -> #N/A | C12: =VLOOKUP(E12&D12,Lists!C:E,3,FALSE) -> #N/A | D12: Undercooked | E12: Shield | F12: Yellow | G12: 0 | H12: 4 | I12: =SUM(G12:H12) -> 4 | J12: 56347 | K12: 825916 | L12: 96174 | M12: =I12/(HLOOKUP(F12,Team_Composition_23[[#All],[Yellow]:[Red]],10,FALSE)+HLOOKUP(F12,Team_Composition_23[[#All],[Yellow]:[Red]],11,FALSE)) -> 0.00099975006 | N12: =J12/HLOOKUP(F12,Team_Composition_23[[#All],[Yellow]:[Red]],6,FALSE) -> 0.0012701181 | O12: =K12/HLOOKUP(F12,Team_Composition_23[[#All],[Yellow]:[Red]],8,FALSE) -> 0.047144653 | P12: =L12/HLOOKUP(F12,Team_Composition_23[[#All],[Yellow]:[Red]],7,FALSE) -> 0.0074295619 | R12: Kills | S12: =SUMIFS(Scoreboard_44[Kills],Scoreboard_44[Team],"Yellow") -> 220 | T12: =SUMIFS(Scoreboard_44[Kills],Scoreboard_44[Team],"Red") -> 375 | V12: =IFERROR(__xludf.DUMMYFUNCTION("""COMPUTED_VALUE"""),"CruMpet") -> CruMpet | W12: =IFERROR(__xludf.DUMMYFUNCTION("""COMPUTED_VALUE"""),65) -> 65 | Y12: =IFERROR(__xludf.DUMMYFUNCTION("""COMPUTED_VALUE"""),"Snoop") -> Snoop | Z12: =IFERROR(__xludf.DUMMYFUNCTION("""COMPUTED_VALUE"""),1950298) -> 1950298 | AB12: Kills | AC12: =SUMIFS(Scoreboard_44[Kills],Scoreboard_44[Guild],"House Regard") -> 346 | AD12: =SUMIFS(Scoreboard_44[Kills],Scoreboard_44[Guild],"Undercooked") -> 248
A13: 73 | B13: =VLOOKUP(C13,Lists!I:J,2,FALSE) -> #N/A | C13: =VLOOKUP(E13&D13,Lists!C:E,3,FALSE) -> #N/A | D13: Undercooked | E13: Turnip | F13: Yellow | G13: 0 | H13: 16 | I13: =SUM(G13:H13) -> 16 | J13: 62041 | K13: 741331 | L13: 25174 | M13: =I13/(HLOOKUP(F13,Team_Composition_23[[#All],[Yellow]:[Red]],10,FALSE)+HLOOKUP(F13,Team_Composition_23[[#All],[Yellow]:[Red]],11,FALSE)) -> 0.0039990002 | N13: =J13/HLOOKUP(F13,Team_Composition_23[[#All],[Yellow]:[Red]],6,FALSE) -> 0.0013984666 | O13: =K13/HLOOKUP(F13,Team_Composition_23[[#All],[Yellow]:[Red]],8,FALSE) -> 0.042316401 | P13: =L13/HLOOKUP(F13,Team_Composition_23[[#All],[Yellow]:[Red]],7,FALSE) -> 0.001944723 | R13: Assists | S13: =SUMIFS(Scoreboard_44[Assists],Scoreboard_44[Team],"Yellow") -> 1010 | T13: =SUMIFS(Scoreboard_44[Assists],Scoreboard_44[Team],"Red") -> 1644 | V13: =IFERROR(__xludf.DUMMYFUNCTION("""COMPUTED_VALUE"""),"ohMnMs") -> ohMnMs | W13: =IFERROR(__xludf.DUMMYFUNCTION("""COMPUTED_VALUE"""),64) -> 64 | Y13: =IFERROR(__xludf.DUMMYFUNCTION("""COMPUTED_VALUE"""),"K") -> K | Z13: =IFERROR(__xludf.DUMMYFUNCTION("""COMPUTED_VALUE"""),1834123) -> 1834123 | AB13: Assists | AC13: =SUMIFS(Scoreboard_44[Kills],Scoreboard_44[Guild],"House Regard") -> 346 | AD13: =SUMIFS(Scoreboard_44[Assists],Scoreboard_44[Guild],"Undercooked") -> 1137
A14: 42 | B14: =VLOOKUP(C14,Lists!I:J,2,FALSE) -> Healer | C14: =VLOOKUP(E14&D14,Lists!C:E,3,FALSE) -> Wand/Orb | D14: House Regard | E14: Akaru | F14: Red | G14: 1 | H14: 10 | I14: =SUM(G14:H14) -> 11 | J14: 54881 | K14: 396406 | L14: 521577 | M14: =I14/(HLOOKUP(F14,Team_Composition_23[[#All],[Yellow]:[Red]],10,FALSE)+HLOOKUP(F14,Team_Composition_23[[#All],[Yellow]:[Red]],11,FALSE)) -> 0.013398295 | N14: =J14/HLOOKUP(F14,Team_Composition_23[[#All],[Yellow]:[Red]],6,FALSE) -> 0.0031102148 | O14: =K14/HLOOKUP(F14,Team_Composition_23[[#All],[Yellow]:[Red]],8,FALSE) -> 0.0090059651 | P14: =L14/HLOOKUP(F14,Team_Composition_23[[#All],[Yellow]:[Red]],7,FALSE) -> 0.021492015 | S14: =SUM(S4:S7) -> 36 | T14: =SUM(T4:T7) -> 39
A15: 64 | B15: =VLOOKUP(C15,Lists!I:J,2,FALSE) -> Healer | C15: =VLOOKUP(E15&D15,Lists!C:E,3,FALSE) -> Wand/Orb | D15: Undercooked | E15: BEARCLAW | F15: Red | G15: 0 | H15: 26 | I15: =SUM(G15:H15) -> 26 | J15: 31827 | K15: 262626 | L15: 271155 | M15: =I15/(HLOOKUP(F15,Team_Composition_23[[#All],[Yellow]:[Red]],10,FALSE)+HLOOKUP(F15,Team_Composition_23[[#All],[Yellow]:[Red]],11,FALSE)) -> 0.031668697 | N15: =J15/HLOOKUP(F15,Team_Composition_23[[#All],[Yellow]:[Red]],6,FALSE) -> 0.001803699 | O15: =K15/HLOOKUP(F15,Team_Composition_23[[#All],[Yellow]:[Red]],8,FALSE) -> 0.0059666115 | P15: =L15/HLOOKUP(F15,Team_Composition_23[[#All],[Yellow]:[Red]],7,FALSE) -> 0.011173168 | R15: Melee DPS | V15: Top Damage Taken | Y15: Top Amount Healed | AB15: Melee DPS
A16: 49 | B16: =VLOOKUP(C16,Lists!I:J,2,FALSE) -> Healer | C16: =VLOOKUP(E16&D16,Lists!C:E,3,FALSE) -> Wand/Orb | D16: House Regard | E16: Curufinwei | F16: Red | G16: 0 | H16: 48 | I16: =SUM(G16:H16) -> 48 | J16: 67376 | K16: 399391 | L16: 1108148 | M16: =I16/(HLOOKUP(F16,Team_Composition_23[[#All],[Yellow]:[Red]],10,FALSE)+HLOOKUP(F16,Team_Composition_23[[#All],[Yellow]:[Red]],11,FALSE)) -> 0.058465286 | N16: =J16/HLOOKUP(F16,Team_Composition_23[[#All],[Yellow]:[Red]],6,FALSE) -> 0.0038183312 | O16: =K16/HLOOKUP(F16,Team_Composition_23[[#All],[Yellow]:[Red]],8,FALSE) -> 0.0090737814 | P16: =L16/HLOOKUP(F16,Team_Composition_23[[#All],[Yellow]:[Red]],7,FALSE) -> 0.045662161 | R16: Data | S16: Yellow | T16: Red | V16: Name | W16: DT | Y16: Name | Z16: Healed | AB16: Data | AC16: BR | AD16: Undercooked
A17: 56 | B17: =VLOOKUP(C17,Lists!I:J,2,FALSE) -> Healer | C17: =VLOOKUP(E17&D17,Lists!C:E,3,FALSE) -> Wand/Orb | D17: Undercooked | E17: Danimals | F17: Yellow | G17: 0 | H17: 35 | I17: =SUM(G17:H17) -> 35 | J17: 10232 | K17: 493869 | L17: 948191 | M17: =I17/(HLOOKUP(F17,Team_Composition_23[[#All],[Yellow]:[Red]],10,FALSE)+HLOOKUP(F17,Team_Composition_23[[#All],[Yellow]:[Red]],11,FALSE)) -> 0.008747813 | N17: =J17/HLOOKUP(F17,Team_Composition_23[[#All],[Yellow]:[Red]],6,FALSE) -> 0.00023063958 | O17: =K17/HLOOKUP(F17,Team_Composition_23[[#All],[Yellow]:[Red]],8,FALSE) -> 0.02819086 | P17: =L17/HLOOKUP(F17,Team_Composition_23[[#All],[Yellow]:[Red]],7,FALSE) -> 0.073248942 | R17: Damage Dealt | S17: =SUMIFS(Scoreboard_44[Damage Dealt],Scoreboard_44[Role],"Melee DPS",Scoreboard_44[Team],"Yellow") -> 3288358 | T17: =SUMIFS(Scoreboard_44[Damage Dealt],Scoreboard_44[Role],"Melee DPS",Scoreboard_44[Team],"Red") -> 5478011 | V17: =IFERROR(__xludf.DUMMYFUNCTION("query(A1:P238, ""Select E,K Order by K Desc Limit 10"", 0)"),"B") -> B | W17: =IFERROR(__xludf.DUMMYFUNCTION("""COMPUTED_VALUE"""),1796623) -> 1796623 | Y17: =IFERROR(__xludf.DUMMYFUNCTION("query(A1:P238, ""Select E,L Order by L Desc Limit 10"", 0)"),"apgonzo") -> apgonzo | Z17: =IFERROR(__xludf.DUMMYFUNCTION("""COMPUTED_VALUE"""),2620072) -> 2620072 | AB17: Damage Dealt | AC17: =SUMIFS(Scoreboard_44[Damage Dealt],Scoreboard_44[Role],"Melee DPS",Scoreboard_44[Guild],"House Regard") -> 5630081 | AD17: =SUMIFS(Scoreboard_44[Damage Dealt],Scoreboard_44[Role],"Melee DPS",Scoreboard_44[Guild],"Undercooked") -> 3136288
A18: 65 | B18: =VLOOKUP(C18,Lists!I:J,2,FALSE) -> Healer | C18: =VLOOKUP(E18&D18,Lists!C:E,3,FALSE) -> Wand/Orb | D18: House Regard | E18: Dusk | F18: Yellow | G18: 0 | H18: 26 | I18: =SUM(G18:H18) -> 26 | J18: 14583 | K18: 410715 | L18: 1116170 | M18: =I18/(HLOOKUP(F18,Team_Composition_23[[#All],[Yellow]:[Red]],10,FALSE)+HLOOKUP(F18,Team_Composition_23[[#All],[Yellow]:[Red]],11,FALSE)) -> 0.0064983754 | N18: =J18/HLOOKUP(F18,Team_Composition_23[[#All],[Yellow]:[Red]],6,FALSE) -> 0.0003287155 | O18: =K18/HLOOKUP(F18,Team_Composition_23[[#All],[Yellow]:[Red]],8,FALSE) -> 0.023444292 | P18: =L18/HLOOKUP(F18,Team_Composition_23[[#All],[Yellow]:[Red]],7,FALSE) -> 0.08622553 | R18: Damage Taken | S18: =SUMIFS(Scoreboard_44[Damage Taken],Scoreboard_44[Role],"Melee DPS",Scoreboard_44[Team],"Yellow") -> 2678287 | T18: =SUMIFS(Scoreboard_44[Damage Taken],Scoreboard_44[Role],"Melee DPS",Scoreboard_44[Team],"Red") -> 4577150 | V18: =IFERROR(__xludf.DUMMYFUNCTION("""COMPUTED_VALUE"""),"Baozer") -> Baozer | W18: =IFERROR(__xludf.DUMMYFUNCTION("""COMPUTED_VALUE"""),1479010) -> 1479010 | Y18: =IFERROR(__xludf.DUMMYFUNCTION("""COMPUTED_VALUE"""),"Z") -> Z | Z18: =IFERROR(__xludf.DUMMYFUNCTION("""COMPUTED_VALUE"""),2159112) -> 2159112 | AB18: Damage Taken | AC18: =SUMIFS(Scoreboard_44[Damage Taken],Scoreboard_44[Role],"Melee DPS",Scoreboard_44[Guild],"House Regard") -> 4616479 | AD18: =SUMIFS(Scoreboard_44[Damage Taken],Scoreboard_44[Role],"Melee DPS",Scoreboard_44[Guild],"Undercooked") -> 2638958
A19: 68 | B19: =VLOOKUP(C19,Lists!I:J,2,FALSE) -> Healer | C19: =VLOOKUP(E19&D19,Lists!C:E,3,FALSE) -> Wand/Orb | D19: Undercooked | E19: egg | F19: Red | G19: 0 | H19: 24 | I19: =SUM(G19:H19) -> 24 | J19: 4346 | K19: 353631 | L19: 615734 | M19: =I19/(HLOOKUP(F19,Team_Composition_23[[#All],[Yellow]:[Red]],10,FALSE)+HLOOKUP(F19,Team_Composition_23[[#All],[Yellow]:[Red]],11,FALSE)) -> 0.029232643 | N19: =J19/HLOOKUP(F19,Team_Composition_23[[#All],[Yellow]:[Red]],6,FALSE) -> 0.00024629642 | O19: =K19/HLOOKUP(F19,Team_Composition_23[[#All],[Yellow]:[Red]],8,FALSE) -> 0.008034158 | P19: =L19/HLOOKUP(F19,Team_Composition_23[[#All],[Yellow]:[Red]],7,FALSE) -> 0.025371832 | R19: Amount Healed | S19: =SUMIFS(Scoreboard_44[Amount Healed],Scoreboard_44[Role],"Melee DPS",Scoreboard_44[Team],"Yellow") -> 1137881 | T19: =SUMIFS(Scoreboard_44[Amount Healed],Scoreboard_44[Role],"Melee DPS",Scoreboard_44[Team],"Red") -> 66950 | V19: =IFERROR(__xludf.DUMMYFUNCTION("""COMPUTED_VALUE"""),"Revioli") -> Revioli | W19: =IFERROR(__xludf.DUMMYFUNCTION("""COMPUTED_VALUE"""),1368335) -> 1368335 | Y19: =IFERROR(__xludf.DUMMYFUNCTION("""COMPUTED_VALUE"""),"ShiFood") -> ShiFood | Z19: =IFERROR(__xludf.DUMMYFUNCTION("""COMPUTED_VALUE"""),1761931) -> 1761931 | AB19: Amount Healed | AC19: =SUMIFS(Scoreboard_44[Amount Healed],Scoreboard_44[Role],"Melee DPS",Scoreboard_44[Guild],"House Regard") -> 74705 | AD19: =SUMIFS(Scoreboard_44[Amount Healed],Scoreboard_44[Role],"Melee DPS",Scoreboard_44[Guild],"Undercooked") -> 1130126
A20: 70 | B20: =VLOOKUP(C20,Lists!I:J,2,FALSE) -> Healer | C20: =VLOOKUP(E20&D20,Lists!C:E,3,FALSE) -> Wand/Orb | D20: Undercooked | E20: Flan | F20: Yellow | G20: 0 | H20: 21 | I20: =SUM(G20:H20) -> 21 | J20: 5542 | K20: 332680 | L20: 855399 | M20: =I20/(HLOOKUP(F20,Team_Composition_23[[#All],[Yellow]:[Red]],10,FALSE)+HLOOKUP(F20,Team_Composition_23[[#All],[Yellow]:[Red]],11,FALSE)) -> 0.0052486878 | N20: =J20/HLOOKUP(F20,Team_Composition_23[[#All],[Yellow]:[Red]],6,FALSE) -> 0.00012492226 | O20: =K20/HLOOKUP(F20,Team_Composition_23[[#All],[Yellow]:[Red]],8,FALSE) -> 0.018989925 | P20: =L20/HLOOKUP(F20,Team_Composition_23[[#All],[Yellow]:[Red]],7,FALSE) -> 0.066080644 | R20: Kills | S20: =SUMIFS(Scoreboard_44[Kills],Scoreboard_44[Role],"Melee DPS",Scoreboard_44[Team],"Yellow") -> 44 | T20: =SUMIFS(Scoreboard_44[Kills],Scoreboard_44[Role],"Melee DPS",Scoreboard_44[Team],"Red") -> 70 | V20: =IFERROR(__xludf.DUMMYFUNCTION("""COMPUTED_VALUE"""),"ELCHAMO") -> ELCHAMO | W20: =IFERROR(__xludf.DUMMYFUNCTION("""COMPUTED_VALUE"""),1356355) -> 1356355 | Y20: =IFERROR(__xludf.DUMMYFUNCTION("""COMPUTED_VALUE"""),"Bunnie") -> Bunnie | Z20: =IFERROR(__xludf.DUMMYFUNCTION("""COMPUTED_VALUE"""),1705757) -> 1705757 | AB20: Kills | AC20: =SUMIFS(Scoreboard_44[Kills],Scoreboard_44[Role],"Melee DPS",Scoreboard_44[Guild],"House Regard") -> 79 | AD20: =SUMIFS(Scoreboard_44[Kills],Scoreboard_44[Role],"Melee DPS",Scoreboard_44[Guild],"Undercooked") -> 35
A21: 47 | B21: =VLOOKUP(C21,Lists!I:J,2,FALSE) -> Healer | C21: =VLOOKUP(E21&D21,Lists!C:E,3,FALSE) -> Wand/Orb | D21: House Regard | E21: hammyjammy | F21: Red | G21: 0 | H21: 60 | I21: =SUM(G21:H21) -> 60 | J21: 1966 | K21: 232710 | L21: 618771 | M21: =I21/(HLOOKUP(F21,Team_Composition_23[[#All],[Yellow]:[Red]],10,FALSE)+HLOOKUP(F21,Team_Composition_23[[#All],[Yellow]:[Red]],11,FALSE)) -> 0.073081608 | N21: =J21/HLOOKUP(F21,Team_Composition_23[[#All],[Yellow]:[Red]],6,FALSE) -> 0.00011141711 | O21: =K21/HLOOKUP(F21,Team_Composition_23[[#All],[Yellow]:[Red]],8,FALSE) -> 0.0052869486 | P21: =L21/HLOOKUP(F21,Team_Composition_23[[#All],[Yellow]:[Red]],7,FALSE) -> 0.025496974 | R21: Assists | S21: =SUMIFS(Scoreboard_44[Assists],Scoreboard_44[Role],"Melee DPS",Scoreboard_44[Team],"Yellow") -> 93 | T21: =SUMIFS(Scoreboard_44[Assists],Scoreboard_44[Role],"Melee DPS",Scoreboard_44[Team],"Red") -> 242 | V21: =IFERROR(__xludf.DUMMYFUNCTION("""COMPUTED_VALUE"""),"K") -> K | W21: =IFERROR(__xludf.DUMMYFUNCTION("""COMPUTED_VALUE"""),1340846) -> 1340846 | Y21: =IFERROR(__xludf.DUMMYFUNCTION("""COMPUTED_VALUE"""),"Biscuit") -> Biscuit | Z21: =IFERROR(__xludf.DUMMYFUNCTION("""COMPUTED_VALUE"""),1593961) -> 1593961 | AB21: Assists | AC21: =SUMIFS(Scoreboard_44[Assists],Scoreboard_44[Role],"Melee DPS",Scoreboard_44[Guild],"House Regard") -> 212 | AD21: =SUMIFS(Scoreboard_44[Assists],Scoreboard_44[Role],"Melee DPS",Scoreboard_44[Guild],"Undercooked") -> 123
A22: 71 | B22: =VLOOKUP(C22,Lists!I:J,2,FALSE) -> Healer | C22: =VLOOKUP(E22&D22,Lists!C:E,3,FALSE) -> Wand/Orb | D22: House Regard | E22: JayAcy | F22: Yellow | G22: 0 | H22: 19 | I22: =SUM(G22:H22) -> 19 | J22: 14008 | K22: 408704 | L22: 705901 | M22: =I22/(HLOOKUP(F22,Team_Composition_23[[#All],[Yellow]:[Red]],10,FALSE)+HLOOKUP(F22,Team_Composition_23[[#All],[Yellow]:[Red]],11,FALSE)) -> 0.0047488128 | N22: =J22/HLOOKUP(F22,Team_Composition_23[[#All],[Yellow]:[Red]],6,FALSE) -> 0.00031575442 | O22: =K22/HLOOKUP(F22,Team_Composition_23[[#All],[Yellow]:[Red]],8,FALSE) -> 0.023329501 | P22: =L22/HLOOKUP(F22,Team_Composition_23[[#All],[Yellow]:[Red]],7,FALSE) -> 0.054531736 | R22: Spear/Dagger | S22: =COUNTIFS(C:C,R22,F:F,"Yellow") -> 0 | T22: =COUNTIFS(C:C,R22,F:F,"Red") -> 1 | V22: =IFERROR(__xludf.DUMMYFUNCTION("""COMPUTED_VALUE"""),"EnoughCrazy") -> EnoughCrazy | W22: =IFERROR(__xludf.DUMMYFUNCTION("""COMPUTED_VALUE"""),1124504) -> 1124504 | Y22: =IFERROR(__xludf.DUMMYFUNCTION("""COMPUTED_VALUE"""),"Purple") -> Purple | Z22: =IFERROR(__xludf.DUMMYFUNCTION("""COMPUTED_VALUE"""),1516772) -> 1516772 | AB22: Spear/Dagger | AC22: =COUNTIFS(C:C,AB22,D:D,"House Regard") -> 0 | AD22: =COUNTIFS(C:C,AB22,D:D,"Undercooked") -> 1
A23: 66 | B23: =VLOOKUP(C23,Lists!I:J,2,FALSE) -> Healer | C23: =VLOOKUP(E23&D23,Lists!C:E,3,FALSE) -> Wand/Orb | D23: Undercooked | E23: Milkshake | F23: Yellow | G23: 0 | H23: 26 | I23: =SUM(G23:H23) -> 26 | J23: 13986 | K23: 222730 | L23: 537230 | M23: =I23/(HLOOKUP(F23,Team_Composition_23[[#All],[Yellow]:[Red]],10,FALSE)+HLOOKUP(F23,Team_Composition_23[[#All],[Yellow]:[Red]],11,FALSE)) -> 0.0064983754 | N23: =J23/HLOOKUP(F23,Team_Composition_23[[#All],[Yellow]:[Red]],6,FALSE) -> 0.00031525852 | O23: =K23/HLOOKUP(F23,Team_Composition_23[[#All],[Yellow]:[Red]],8,FALSE) -> 0.012713797 | P23: =L23/HLOOKUP(F23,Team_Composition_23[[#All],[Yellow]:[Red]],7,FALSE) -> 0.04150169 | R23: Greatsword/Dagger | S23: =COUNTIFS(C:C,R23,F:F,"Yellow") -> 2 | T23: =COUNTIFS(C:C,R23,F:F,"Red") -> 3 | V23: =IFERROR(__xludf.DUMMYFUNCTION("""COMPUTED_VALUE"""),"ALilSnakes") -> ALilSnakes | W23: =IFERROR(__xludf.DUMMYFUNCTION("""COMPUTED_VALUE"""),1062183) -> 1062183 | Y23: =IFERROR(__xludf.DUMMYFUNCTION("""COMPUTED_VALUE"""),"Boharding") -> Boharding | Z23: =IFERROR(__xludf.DUMMYFUNCTION("""COMPUTED_VALUE"""),1299703) -> 1299703 | AB23: Greatsword/Dagger | AC23: =COUNTIFS(C:C,AB23,D:D,"House Regard") -> 2 | AD23: =COUNTIFS(C:C,AB23,D:D,"Undercooked") -> 3
A24: 67 | B24: =VLOOKUP(C24,Lists!I:J,2,FALSE) -> Healer | C24: =VLOOKUP(E24&D24,Lists!C:E,3,FALSE) -> Wand/Orb | D24: Undercooked | E24: Mustard | F24: Red | G24: 0 | H24: 26 | I24: =SUM(G24:H24) -> 26 | J24: 8261 | K24: 382575 | L24: 440484 | M24: =I24/(HLOOKUP(F24,Team_Composition_23[[#All],[Yellow]:[Red]],10,FALSE)+HLOOKUP(F24,Team_Composition_23[[#All],[Yellow]:[Red]],11,FALSE)) -> 0.031668697 | N24: =J24/HLOOKUP(F24,Team_Composition_23[[#All],[Yellow]:[Red]],6,FALSE) -> 0.00046816721 | O24: =K24/HLOOKUP(F24,Team_Composition_23[[#All],[Yellow]:[Red]],8,FALSE) -> 0.008691738 | P24: =L24/HLOOKUP(F24,Team_Composition_23[[#All],[Yellow]:[Red]],7,FALSE) -> 0.01815051 | R24: Greatsword/Spear | S24: =COUNTIFS(C:C,R24,F:F,"Yellow") -> 3 | T24: =COUNTIFS(C:C,R24,F:F,"Red") -> 3 | V24: =IFERROR(__xludf.DUMMYFUNCTION("""COMPUTED_VALUE"""),"ohMnMs") -> ohMnMs | W24: =IFERROR(__xludf.DUMMYFUNCTION("""COMPUTED_VALUE"""),1011235) -> 1011235 | Y24: =IFERROR(__xludf.DUMMYFUNCTION("""COMPUTED_VALUE"""),"syrup") -> syrup | Z24: =IFERROR(__xludf.DUMMYFUNCTION("""COMPUTED_VALUE"""),1232742) -> 1232742 | AB24: Greatsword/Spear | AC24: =COUNTIFS(C:C,AB24,D:D,"House Regard") -> 3 | AD24: =COUNTIFS(C:C,AB24,D:D,"Undercooked") -> 3
A25: 60 | B25: =VLOOKUP(C25,Lists!I:J,2,FALSE) -> Healer | C25: =VLOOKUP(E25&D25,Lists!C:E,3,FALSE) -> Wand/Orb | D25: House Regard | E25: nap | F25: Yellow | G25: 0 | H25: 32 | I25: =SUM(G25:H25) -> 32 | J25: 6120 | K25: 209877 | L25: 618149 | M25: =I25/(HLOOKUP(F25,Team_Composition_23[[#All],[Yellow]:[Red]],10,FALSE)+HLOOKUP(F25,Team_Composition_23[[#All],[Yellow]:[Red]],11,FALSE)) -> 0.0079980005 | N25: =J25/HLOOKUP(F25,Team_Composition_23[[#All],[Yellow]:[Red]],6,FALSE) -> 0.00013795096 | O25: =K25/HLOOKUP(F25,Team_Composition_23[[#All],[Yellow]:[Red]],8,FALSE) -> 0.011980127 | P25: =L25/HLOOKUP(F25,Team_Composition_23[[#All],[Yellow]:[Red]],7,FALSE) -> 0.047752784 | R25: Greatsword/Wand | S25: =COUNTIFS(C:C,R25,F:F,"Yellow") -> 0 | T25: =COUNTIFS(C:C,R25,F:F,"Red") -> 0 | V25: =IFERROR(__xludf.DUMMYFUNCTION("""COMPUTED_VALUE"""),"Toro") -> Toro | W25: =IFERROR(__xludf.DUMMYFUNCTION("""COMPUTED_VALUE"""),950879) -> 950879 | Y25: =IFERROR(__xludf.DUMMYFUNCTION("""COMPUTED_VALUE"""),"psi") -> psi | Z25: =IFERROR(__xludf.DUMMYFUNCTION("""COMPUTED_VALUE"""),1133249) -> 1133249 | AB25: Greatsword/Wand | AC25: =COUNTIFS(C:C,AB25,D:D,"House Regard") -> 0 | AD25: =COUNTIFS(C:C,AB25,D:D,"Undercooked") -> 0
A26: 50 | B26: =VLOOKUP(C26,Lists!I:J,2,FALSE) -> Healer | C26: =VLOOKUP(E26&D26,Lists!C:E,3,FALSE) -> Wand/Orb | D26: House Regard | E26: Purple | F26: Red | G26: 0 | H26: 47 | I26: =SUM(G26:H26) -> 47 | J26: 2518 | K26: 415409 | L26: 1516772 | M26: =I26/(HLOOKUP(F26,Team_Composition_23[[#All],[Yellow]:[Red]],10,FALSE)+HLOOKUP(F26,Team_Composition_23[[#All],[Yellow]:[Red]],11,FALSE)) -> 0.057247259 | N26: =J26/HLOOKUP(F26,Team_Composition_23[[#All],[Yellow]:[Red]],6,FALSE) -> 0.00014270004 | O26: =K26/HLOOKUP(F26,Team_Composition_23[[#All],[Yellow]:[Red]],8,FALSE) -> 0.009437695 | P26: =L26/HLOOKUP(F26,Team_Composition_23[[#All],[Yellow]:[Red]],7,FALSE) -> 0.062499853 | V26: =IFERROR(__xludf.DUMMYFUNCTION("""COMPUTED_VALUE"""),"Ratatouille") -> Ratatouille | W26: =IFERROR(__xludf.DUMMYFUNCTION("""COMPUTED_VALUE"""),947547) -> 947547 | Y26: =IFERROR(__xludf.DUMMYFUNCTION("""COMPUTED_VALUE"""),"Dusk") -> Dusk | Z26: =IFERROR(__xludf.DUMMYFUNCTION("""COMPUTED_VALUE"""),1116170) -> 1116170
A27: 51 | B27: =VLOOKUP(C27,Lists!I:J,2,FALSE) -> Healer | C27: =VLOOKUP(E27&D27,Lists!C:E,3,FALSE) -> Wand/Orb | D27: House Regard | E27: ReinaKertia | F27: Red | G27: 0 | H27: 44 | I27: =SUM(G27:H27) -> 44 | J27: 10106 | K27: 139439 | L27: 373807 | M27: =I27/(HLOOKUP(F27,Team_Composition_23[[#All],[Yellow]:[Red]],10,FALSE)+HLOOKUP(F27,Team_Composition_23[[#All],[Yellow]:[Red]],11,FALSE)) -> 0.053593179 | N27: =J27/HLOOKUP(F27,Team_Composition_23[[#All],[Yellow]:[Red]],6,FALSE) -> 0.00057272701 | O27: =K27/HLOOKUP(F27,Team_Composition_23[[#All],[Yellow]:[Red]],8,FALSE) -> 0.0031679207 | P27: =L27/HLOOKUP(F27,Team_Composition_23[[#All],[Yellow]:[Red]],7,FALSE) -> 0.015403029
A28: 46 | B28: =VLOOKUP(C28,Lists!I:J,2,FALSE) -> Healer | C28: =VLOOKUP(E28&D28,Lists!C:E,3,FALSE) -> Wand/Orb | D28: House Regard | E28: Sabbie | F28: Red | G28: 0 | H28: 60 | I28: =SUM(G28:H28) -> 60 | J28: 6508 | K28: 108055 | L28: 674731 | M28: =I28/(HLOOKUP(F28,Team_Composition_23[[#All],[Yellow]:[Red]],10,FALSE)+HLOOKUP(F28,Team_Composition_23[[#All],[Yellow]:[Red]],11,FALSE)) -> 0.073081608 | N28: =J28/HLOOKUP(F28,Team_Composition_23[[#All],[Yellow]:[Red]],6,FALSE) -> 0.00036882123 | O28: =K28/HLOOKUP(F28,Team_Composition_23[[#All],[Yellow]:[Red]],8,FALSE) -> 0.0024549062 | P28: =L28/HLOOKUP(F28,Team_Composition_23[[#All],[Yellow]:[Red]],7,FALSE) -> 0.027802853 | R28: Ranged DPS | AB28: Ranged DPS
A29: 54 | B29: =VLOOKUP(C29,Lists!I:J,2,FALSE) -> Healer | C29: =VLOOKUP(E29&D29,Lists!C:E,3,FALSE) -> Wand/Orb | D29: Undercooked | E29: Soppressata | F29: Yellow | G29: 0 | H29: 36 | I29: =SUM(G29:H29) -> 36 | J29: 24346 | K29: 410441 | L29: 411656 | M29: =I29/(HLOOKUP(F29,Team_Composition_23[[#All],[Yellow]:[Red]],10,FALSE)+HLOOKUP(F29,Team_Composition_23[[#All],[Yellow]:[Red]],11,FALSE)) -> 0.0089977506 | N29: =J29/HLOOKUP(F29,Team_Composition_23[[#All],[Yellow]:[Red]],6,FALSE) -> 0.00054878335 | O29: =K29/HLOOKUP(F29,Team_Composition_23[[#All],[Yellow]:[Red]],8,FALSE) -> 0.023428652 | P29: =L29/HLOOKUP(F29,Team_Composition_23[[#All],[Yellow]:[Red]],7,FALSE) -> 0.031800941 | R29: Data | S29: Yellow | T29: Red | AB29: Data | AC29: BR | AD29: Undercooked
A30: 48 | B30: =VLOOKUP(C30,Lists!I:J,2,FALSE) -> Healer | C30: =VLOOKUP(E30&D30,Lists!C:E,3,FALSE) -> Wand/Orb | D30: House Regard | E30: Spicieee | F30: Red | G30: 0 | H30: 57 | I30: =SUM(G30:H30) -> 57 | J30: 2754 | K30: 102544 | L30: 302807 | M30: =I30/(HLOOKUP(F30,Team_Composition_23[[#All],[Yellow]:[Red]],10,FALSE)+HLOOKUP(F30,Team_Composition_23[[#All],[Yellow]:[Red]],11,FALSE)) -> 0.069427527 | N30: =J30/HLOOKUP(F30,Team_Composition_23[[#All],[Yellow]:[Red]],6,FALSE) -> 0.00015607463 | O30: =K30/HLOOKUP(F30,Team_Composition_23[[#All],[Yellow]:[Red]],8,FALSE) -> 0.0023297016 | P30: =L30/HLOOKUP(F30,Team_Composition_23[[#All],[Yellow]:[Red]],7,FALSE) -> 0.012477415 | R30: Damage Dealt | S30: =SUMIFS(Scoreboard_44[Damage Dealt],Scoreboard_44[Role],"Ranged DPS",Scoreboard_44[Team],"Yellow") -> 9990202 | T30: =SUMIFS(Scoreboard_44[Damage Dealt],Scoreboard_44[Role],"Ranged DPS",Scoreboard_44[Team],"Red") -> 13558165 | AB30: Damage Dealt | AC30: =SUMIFS(Scoreboard_44[Damage Dealt],Scoreboard_44[Role],"Ranged DPS",Scoreboard_44[Guild],"House Regard") -> 13278451 | AD30: =SUMIFS(Scoreboard_44[Damage Dealt],Scoreboard_44[Role],"Ranged DPS",Scoreboard_44[Guild],"Undercooked") -> 10269916
A31: 57 | B31: =VLOOKUP(C31,Lists!I:J,2,FALSE) -> Healer | C31: =VLOOKUP(E31&D31,Lists!C:E,3,FALSE) -> Wand/Orb | D31: Undercooked | E31: Tiramisu | F31: Red | G31: 0 | H31: 33 | I31: =SUM(G31:H31) -> 33 | J31: 3256 | K31: 201708 | L31: 204233 | M31: =I31/(HLOOKUP(F31,Team_Composition_23[[#All],[Yellow]:[Red]],10,FALSE)+HLOOKUP(F31,Team_Composition_23[[#All],[Yellow]:[Red]],11,FALSE)) -> 0.040194884 | N31: =J31/HLOOKUP(F31,Team_Composition_23[[#All],[Yellow]:[Red]],6,FALSE) -> 0.00018452396 | O31: =K31/HLOOKUP(F31,Team_Composition_23[[#All],[Yellow]:[Red]],8,FALSE) -> 0.0045826128 | P31: =L31/HLOOKUP(F31,Team_Composition_23[[#All],[Yellow]:[Red]],7,FALSE) -> 0.0084155908 | R31: Damage Taken | S31: =SUMIFS(Scoreboard_44[Damage Taken],Scoreboard_44[Role],"Ranged DPS",Scoreboard_44[Team],"Yellow") -> 5592516 | T31: =SUMIFS(Scoreboard_44[Damage Taken],Scoreboard_44[Role],"Ranged DPS",Scoreboard_44[Team],"Red") -> 3216001 | AB31: Damage Taken | AC31: =SUMIFS(Scoreboard_44[Damage Taken],Scoreboard_44[Role],"Ranged DPS",Scoreboard_44[Guild],"House Regard") -> 5892163 | AD31: =SUMIFS(Scoreboard_44[Damage Taken],Scoreboard_44[Role],"Ranged DPS",Scoreboard_44[Guild],"Undercooked") -> 2916354
A32: 37 | B32: =VLOOKUP(C32,Lists!I:J,2,FALSE) -> Healer | C32: =VLOOKUP(E32&D32,Lists!C:E,3,FALSE) -> Wand/Longbow | D32: House Regard | E32: apgonzo | F32: Red | G32: 1 | H32: 53 | I32: =SUM(G32:H32) -> 54 | J32: 67474 | K32: 373829 | L32: 2620072 | M32: =I32/(HLOOKUP(F32,Team_Composition_23[[#All],[Yellow]:[Red]],10,FALSE)+HLOOKUP(F32,Team_Composition_23[[#All],[Yellow]:[Red]],11,FALSE)) -> 0.065773447 | N32: =J32/HLOOKUP(F32,Team_Composition_23[[#All],[Yellow]:[Red]],6,FALSE) -> 0.003823885 | O32: =K32/HLOOKUP(F32,Team_Composition_23[[#All],[Yellow]:[Red]],8,FALSE) -> 0.0084930372 | P32: =L32/HLOOKUP(F32,Team_Composition_23[[#All],[Yellow]:[Red]],7,FALSE) -> 0.10796225 | R32: Amount Healed | S32: =SUMIFS(Scoreboard_44[Amount Healed],Scoreboard_44[Role],"Ranged DPS",Scoreboard_44[Team],"Yellow") -> 590945 | T32: =SUMIFS(Scoreboard_44[Amount Healed],Scoreboard_44[Role],"Ranged DPS",Scoreboard_44[Team],"Red") -> 154719 | AB32: Amount Healed | AC32: =SUMIFS(Scoreboard_44[Amount Healed],Scoreboard_44[Role],"Ranged DPS",Scoreboard_44[Guild],"House Regard") -> 650321 | AD32: =SUMIFS(Scoreboard_44[Amount Healed],Scoreboard_44[Role],"Ranged DPS",Scoreboard_44[Guild],"Undercooked") -> 95343
A33: 52 | B33: =VLOOKUP(C33,Lists!I:J,2,FALSE) -> Healer | C33: =VLOOKUP(E33&D33,Lists!C:E,3,FALSE) -> Wand/Longbow | D33: Undercooked | E33: Biscuit | F33: Yellow | G33: 0 | H33: 40 | I33: =SUM(G33:H33) -> 40 | J33: 42982 | K33: 297523 | L33: 1593961 | M33: =I33/(HLOOKUP(F33,Team_Composition_23[[#All],[Yellow]:[Red]],10,FALSE)+HLOOKUP(F33,Team_Composition_23[[#All],[Yellow]:[Red]],11,FALSE)) -> 0.0099975006 | N33: =J33/HLOOKUP(F33,Team_Composition_23[[#All],[Yellow]:[Red]],6,FALSE) -> 0.00096885755 | O33: =K33/HLOOKUP(F33,Team_Composition_23[[#All],[Yellow]:[Red]],8,FALSE) -> 0.016983105 | P33: =L33/HLOOKUP(F33,Team_Composition_23[[#All],[Yellow]:[Red]],7,FALSE) -> 0.12313548 | R33: Kills | S33: =SUMIFS(Scoreboard_44[Kills],Scoreboard_44[Role],"Ranged DPS",Scoreboard_44[Team],"Yellow") -> 68 | T33: =SUMIFS(Scoreboard_44[Kills],Scoreboard_44[Role],"Ranged DPS",Scoreboard_44[Team],"Red") -> 182 | AB33: Kills | AC33: =SUMIFS(Scoreboard_44[Kills],Scoreboard_44[Role],"Ranged DPS",Scoreboard_44[Guild],"House Regard") -> 149 | AD33: =SUMIFS(Scoreboard_44[Kills],Scoreboard_44[Role],"Ranged DPS",Scoreboard_44[Guild],"Undercooked") -> 101
A34: 72 | B34: =VLOOKUP(C34,Lists!I:J,2,FALSE) -> Healer | C34: =VLOOKUP(E34&D34,Lists!C:E,3,FALSE) -> Wand/Longbow | D34: House Regard | E34: Boharding | F34: Yellow | G34: 0 | H34: 18 | I34: =SUM(G34:H34) -> 18 | J34: 77532 | K34: 276868 | L34: 1299703 | M34: =I34/(HLOOKUP(F34,Team_Composition_23[[#All],[Yellow]:[Red]],10,FALSE)+HLOOKUP(F34,Team_Composition_23[[#All],[Yellow]:[Red]],11,FALSE)) -> 0.0044988753 | N34: =J34/HLOOKUP(F34,Team_Composition_23[[#All],[Yellow]:[Red]],6,FALSE) -> 0.0017476493 | O34: =K34/HLOOKUP(F34,Team_Composition_23[[#All],[Yellow]:[Red]],8,FALSE) -> 0.015804084 | P34: =L34/HLOOKUP(F34,Team_Composition_23[[#All],[Yellow]:[Red]],7,FALSE) -> 0.10040368 | R34: Assists | S34: =SUMIFS(Scoreboard_44[Assists],Scoreboard_44[Role],"Ranged DPS",Scoreboard_44[Team],"Yellow") -> 230 | T34: =SUMIFS(Scoreboard_44[Assists],Scoreboard_44[Role],"Ranged DPS",Scoreboard_44[Team],"Red") -> 371 | AB34: Assists | AC34: =SUMIFS(Scoreboard_44[Assists],Scoreboard_44[Role],"Ranged DPS",Scoreboard_44[Guild],"House Regard") -> 374 | AD34: =SUMIFS(Scoreboard_44[Assists],Scoreboard_44[Role],"Ranged DPS",Scoreboard_44[Guild],"Undercooked") -> 227
A35: 58 | B35: =VLOOKUP(C35,Lists!I:J,2,FALSE) -> Healer | C35: =VLOOKUP(E35&D35,Lists!C:E,3,FALSE) -> Wand/Longbow | D35: House Regard | E35: BombaTrix | F35: Red | G35: 0 | H35: 32 | I35: =SUM(G35:H35) -> 32 | J35: 19712 | K35: 159121 | L35: 643679 | M35: =I35/(HLOOKUP(F35,Team_Composition_23[[#All],[Yellow]:[Red]],10,FALSE)+HLOOKUP(F35,Team_Composition_23[[#All],[Yellow]:[Red]],11,FALSE)) -> 0.038976857 | N35: =J35/HLOOKUP(F35,Team_Composition_23[[#All],[Yellow]:[Red]],6,FALSE) -> 0.001117118 | O35: =K35/HLOOKUP(F35,Team_Composition_23[[#All],[Yellow]:[Red]],8,FALSE) -> 0.0036150769 | P35: =L35/HLOOKUP(F35,Team_Composition_23[[#All],[Yellow]:[Red]],7,FALSE) -> 0.026523329 | R35: Crossbow/Dagger | S35: =COUNTIFS(C:C,R35,F:F,"Yellow") -> 3 | T35: =COUNTIFS(C:C,R35,F:F,"Red") -> 2 | AB35: Crossbow/Dagger | AC35: =COUNTIFS(C:C,AB35,D:D,"House Regard") -> 3 | AD35: =COUNTIFS(C:C,AB35,D:D,"Undercooked") -> 2
A36: 62 | B36: =VLOOKUP(C36,Lists!I:J,2,FALSE) -> Healer | C36: =VLOOKUP(E36&D36,Lists!C:E,3,FALSE) -> Wand/Longbow | D36: Undercooked | E36: Bunnie | F36: Yellow | G36: 0 | H36: 30 | I36: =SUM(G36:H36) -> 30 | J36: 37479 | K36: 551171 | L36: 1705757 | M36: =I36/(HLOOKUP(F36,Team_Composition_23[[#All],[Yellow]:[Red]],10,FALSE)+HLOOKUP(F36,Team_Composition_23[[#All],[Yellow]:[Red]],11,FALSE)) -> 0.0074981255 | N36: =J36/HLOOKUP(F36,Team_Composition_23[[#All],[Yellow]:[Red]],6,FALSE) -> 0.00084481439 | O36: =K36/HLOOKUP(F36,Team_Composition_23[[#All],[Yellow]:[Red]],8,FALSE) -> 0.031461753 | P36: =L36/HLOOKUP(F36,Team_Composition_23[[#All],[Yellow]:[Red]],7,FALSE) -> 0.13177186 | R36: Crossbow/Longbow | S36: =COUNTIFS(C:C,R36,F:F,"Yellow") -> 0 | T36: =COUNTIFS(C:C,R36,F:F,"Red") -> 0 | AB36: Crossbow/Longbow | AC36: =COUNTIFS(C:C,AB36,D:D,"House Regard") -> 0 | AD36: =COUNTIFS(C:C,AB36,D:D,"Undercooked") -> 0
A37: 77 | B37: =VLOOKUP(C37,Lists!I:J,2,FALSE) -> Healer | C37: =VLOOKUP(E37&D37,Lists!C:E,3,FALSE) -> Wand/Longbow | D37: House Regard | E37: EgirlWaifu | F37: Red | G37: 0 | H37: 12 | I37: =SUM(G37:H37) -> 12 | J37: 44966 | K37: 399335 | L37: 1008514 | M37: =I37/(HLOOKUP(F37,Team_Composition_23[[#All],[Yellow]:[Red]],10,FALSE)+HLOOKUP(F37,Team_Composition_23[[#All],[Yellow]:[Red]],11,FALSE)) -> 0.014616322 | N37: =J37/HLOOKUP(F37,Team_Composition_23[[#All],[Yellow]:[Red]],6,FALSE) -> 0.0025483122 | O37: =K37/HLOOKUP(F37,Team_Composition_23[[#All],[Yellow]:[Red]],8,FALSE) -> 0.0090725091 | P37: =L37/HLOOKUP(F37,Team_Composition_23[[#All],[Yellow]:[Red]],7,FALSE) -> 0.041556659 | R37: Crossbow/SnS | S37: =COUNTIFS(C:C,R37,F:F,"Yellow") -> 2 | T37: =COUNTIFS(C:C,R37,F:F,"Red") -> 3 | AB37: Crossbow/SnS | AC37: =COUNTIFS(C:C,AB37,D:D,"House Regard") -> 3 | AD37: =COUNTIFS(C:C,AB37,D:D,"Undercooked") -> 2
A38: 95 | B38: =VLOOKUP(C38,Lists!I:J,2,FALSE) -> Healer | C38: =VLOOKUP(E38&D38,Lists!C:E,3,FALSE) -> Wand/Longbow | D38: Undercooked | E38: psi | F38: Yellow | G38: 0 | H38: 4 | I38: =SUM(G38:H38) -> 4 | J38: 56047 | K38: 502902 | L38: 1133249 | M38: =I38/(HLOOKUP(F38,Team_Composition_23[[#All],[Yellow]:[Red]],10,FALSE)+HLOOKUP(F38,Team_Composition_23[[#All],[Yellow]:[Red]],11,FALSE)) -> 0.00099975006 | N38: =J38/HLOOKUP(F38,Team_Composition_23[[#All],[Yellow]:[Red]],6,FALSE) -> 0.0012633558 | O38: =K38/HLOOKUP(F38,Team_Composition_23[[#All],[Yellow]:[Red]],8,FALSE) -> 0.028706479 | P38: =L38/HLOOKUP(F38,Team_Composition_23[[#All],[Yellow]:[Red]],7,FALSE) -> 0.087544904 | R38: Longbow/Dagger | S38: =COUNTIFS(C:C,R38,F:F,"Yellow") -> 0 | T38: =COUNTIFS(C:C,R38,F:F,"Red") -> 1 | AB38: Longbow/Dagger | AC38: =COUNTIFS(C:C,AB38,D:D,"House Regard") -> 1 | AD38: =COUNTIFS(C:C,AB38,D:D,"Undercooked") -> 0
A39: 36 | B39: =VLOOKUP(C39,Lists!I:J,2,FALSE) -> Tank | C39: SnS/Longbow | D39: Undercooked | E39: Rainbow sherbet | F39: Yellow | G39: 2 | H39: 21 | I39: =SUM(G39:H39) -> 23 | J39: 66590 | K39: 429857 | L39: 253530 | M39: =I39/(HLOOKUP(F39,Team_Composition_23[[#All],[Yellow]:[Red]],10,FALSE)+HLOOKUP(F39,Team_Composition_23[[#All],[Yellow]:[Red]],11,FALSE)) -> 0.0057485629 | N39: =J39/HLOOKUP(F39,Team_Composition_23[[#All],[Yellow]:[Red]],6,FALSE) -> 0.0015010056 | O39: =K39/HLOOKUP(F39,Team_Composition_23[[#All],[Yellow]:[Red]],8,FALSE) -> 0.024536949 | P39: =L39/HLOOKUP(F39,Team_Composition_23[[#All],[Yellow]:[Red]],7,FALSE) -> 0.01958551 | R39: Orb/Dagger | S39: =COUNTIFS(C:C,R39,F:F,"Yellow") -> 0 | T39: =COUNTIFS(C:C,R39,F:F,"Red") -> 0 | AB39: Orb/Dagger | AC39: =COUNTIFS(C:C,AB39,D:D,"House Regard") -> 0 | AD39: =COUNTIFS(C:C,AB39,D:D,"Undercooked") -> 0
A40: 90 | B40: =VLOOKUP(C40,Lists!I:J,2,FALSE) -> Tank | C40: SnS/Longbow | D40: Undercooked | E40: Sayaka | F40: Yellow | G40: 0 | H40: 5 | I40: =SUM(G40:H40) -> 5 | J40: 35156 | K40: 241430 | L40: 65117 | M40: =I40/(HLOOKUP(F40,Team_Composition_23[[#All],[Yellow]:[Red]],10,FALSE)+HLOOKUP(F40,Team_Composition_23[[#All],[Yellow]:[Red]],11,FALSE)) -> 0.0012496876 | N40: =J40/HLOOKUP(F40,Team_Composition_23[[#All],[Yellow]:[Red]],6,FALSE) -> 0.00079245163 | O40: =K40/HLOOKUP(F40,Team_Composition_23[[#All],[Yellow]:[Red]],8,FALSE) -> 0.013781224 | P40: =L40/HLOOKUP(F40,Team_Composition_23[[#All],[Yellow]:[Red]],7,FALSE) -> 0.0050303698 | R40: Orb/Wand | S40: =COUNTIFS(C:C,R40,F:F,"Yellow") -> 0 | T40: =COUNTIFS(C:C,R40,F:F,"Red") -> 0 | AB40: Orb/Wand | AC40: =COUNTIFS(C:C,AB40,D:D,"House Regard") -> 0 | AD40: =COUNTIFS(C:C,AB40,D:D,"Undercooked") -> 0
A41: 63 | B41: =VLOOKUP(C41,Lists!I:J,2,FALSE) -> Healer | C41: =VLOOKUP(E41&D41,Lists!C:E,3,FALSE) -> Wand/Longbow | D41: Undercooked | E41: ShiFood | F41: Red | G41: 0 | H41: 28 | I41: =SUM(G41:H41) -> 28 | J41: 23826 | K41: 399703 | L41: 1761931 | M41: =I41/(HLOOKUP(F41,Team_Composition_23[[#All],[Yellow]:[Red]],10,FALSE)+HLOOKUP(F41,Team_Composition_23[[#All],[Yellow]:[Red]],11,FALSE)) -> 0.03410475 | N41: =J41/HLOOKUP(F41,Team_Composition_23[[#All],[Yellow]:[Red]],6,FALSE) -> 0.0013502665 | O41: =K41/HLOOKUP(F41,Team_Composition_23[[#All],[Yellow]:[Red]],8,FALSE) -> 0.0090808698 | P41: =L41/HLOOKUP(F41,Team_Composition_23[[#All],[Yellow]:[Red]],7,FALSE) -> 0.072601834 | R41: SnS/Wand | S41: =COUNTIFS(C:C,R41,F:F,"Yellow") -> 1 | T41: =COUNTIFS(C:C,R41,F:F,"Red") -> 0 | AB41: SnS/Wand | AC41: =COUNTIFS(C:C,AB41,D:D,"House Regard") -> 1 | AD41: =COUNTIFS(C:C,AB41,D:D,"Undercooked") -> 0
A42: 61 | B42: =VLOOKUP(C42,Lists!I:J,2,FALSE) -> Healer | C42: =VLOOKUP(E42&D42,Lists!C:E,3,FALSE) -> Wand/Longbow | D42: Undercooked | E42: syrup | F42: Red | G42: 0 | H42: 31 | I42: =SUM(G42:H42) -> 31 | J42: 42878 | K42: 233159 | L42: 1232742 | M42: =I42/(HLOOKUP(F42,Team_Composition_23[[#All],[Yellow]:[Red]],10,FALSE)+HLOOKUP(F42,Team_Composition_23[[#All],[Yellow]:[Red]],11,FALSE)) -> 0.037758831 | N42: =J42/HLOOKUP(F42,Team_Composition_23[[#All],[Yellow]:[Red]],6,FALSE) -> 0.0024299811 | O42: =K42/HLOOKUP(F42,Team_Composition_23[[#All],[Yellow]:[Red]],8,FALSE) -> 0.0052971494 | P42: =L42/HLOOKUP(F42,Team_Composition_23[[#All],[Yellow]:[Red]],7,FALSE) -> 0.050796161 | R42: Staff/Dagger | S42: =COUNTIFS(C:C,R42,F:F,"Yellow") -> 3 | T42: =COUNTIFS(C:C,R42,F:F,"Red") -> 2 | AB42: Staff/Dagger | AC42: =COUNTIFS(C:C,AB42,D:D,"House Regard") -> 3 | AD42: =COUNTIFS(C:C,AB42,D:D,"Undercooked") -> 2
A43: 59 | B43: =VLOOKUP(C43,Lists!I:J,2,FALSE) -> Healer | C43: =VLOOKUP(E43&D43,Lists!C:E,3,FALSE) -> Wand/Longbow | D43: House Regard | E43: Tagato | F43: Yellow | G43: 0 | H43: 32 | I43: =SUM(G43:H43) -> 32 | J43: 7176 | K43: 239173 | L43: 728656 | M43: =I43/(HLOOKUP(F43,Team_Composition_23[[#All],[Yellow]:[Red]],10,FALSE)+HLOOKUP(F43,Team_Composition_23[[#All],[Yellow]:[Red]],11,FALSE)) -> 0.0079980005 | N43: =J43/HLOOKUP(F43,Team_Composition_23[[#All],[Yellow]:[Red]],6,FALSE) -> 0.00016175426 | O43: =K43/HLOOKUP(F43,Team_Composition_23[[#All],[Yellow]:[Red]],8,FALSE) -> 0.013652391 | P43: =L43/HLOOKUP(F43,Team_Composition_23[[#All],[Yellow]:[Red]],7,FALSE) -> 0.056289588 | R43: Staff/Longbow | S43: =COUNTIFS(C:C,R43,F:F,"Yellow") -> 0 | T43: =COUNTIFS(C:C,R43,F:F,"Red") -> 0 | AB43: Staff/Longbow | AC43: =COUNTIFS(C:C,AB43,D:D,"House Regard") -> 0 | AD43: =COUNTIFS(C:C,AB43,D:D,"Undercooked") -> 0
A44: 55 | B44: =VLOOKUP(C44,Lists!I:J,2,FALSE) -> Healer | C44: =VLOOKUP(E44&D44,Lists!C:E,3,FALSE) -> Wand/Longbow | D44: Undercooked | E44: Udon | F44: Red | G44: 0 | H44: 35 | I44: =SUM(G44:H44) -> 35 | J44: 53225 | K44: 176085 | L44: 734686 | M44: =I44/(HLOOKUP(F44,Team_Composition_23[[#All],[Yellow]:[Red]],10,FALSE)+HLOOKUP(F44,Team_Composition_23[[#All],[Yellow]:[Red]],11,FALSE)) -> 0.042630938 | N44: =J44/HLOOKUP(F44,Team_Composition_23[[#All],[Yellow]:[Red]],6,FALSE) -> 0.003016366 | O44: =K44/HLOOKUP(F44,Team_Composition_23[[#All],[Yellow]:[Red]],8,FALSE) -> 0.0040004827 | P44: =L44/HLOOKUP(F44,Team_Composition_23[[#All],[Yellow]:[Red]],7,FALSE) -> 0.030273348 | R44: Staff/Orb | S44: =COUNTIFS(C:C,R44,F:F,"Yellow") -> 2 | T44: =COUNTIFS(C:C,R44,F:F,"Red") -> 2 | AB44: Staff/Orb | AC44: =COUNTIFS(C:C,AB44,D:D,"House Regard") -> 2 | AD44: =COUNTIFS(C:C,AB44,D:D,"Undercooked") -> 2
A45: 53 | B45: =VLOOKUP(C45,Lists!I:J,2,FALSE) -> Healer | C45: =VLOOKUP(E45&D45,Lists!C:E,3,FALSE) -> Wand/Longbow | D45: House Regard | E45: Z | F45: Yellow | G45: 0 | H45: 36 | I45: =SUM(G45:H45) -> 36 | J45: 67860 | K45: 663389 | L45: 2159112 | M45: =I45/(HLOOKUP(F45,Team_Composition_23[[#All],[Yellow]:[Red]],10,FALSE)+HLOOKUP(F45,Team_Composition_23[[#All],[Yellow]:[Red]],11,FALSE)) -> 0.0089977506 | N45: =J45/HLOOKUP(F45,Team_Composition_23[[#All],[Yellow]:[Red]],6,FALSE) -> 0.0015296327 | O45: =K45/HLOOKUP(F45,Team_Composition_23[[#All],[Yellow]:[Red]],8,FALSE) -> 0.037867343 | P45: =L45/HLOOKUP(F45,Team_Composition_23[[#All],[Yellow]:[Red]],7,FALSE) -> 0.16679411 | R45: Staff/Wand | S45: =COUNTIFS(C:C,R45,F:F,"Yellow") -> 0 | T45: =COUNTIFS(C:C,R45,F:F,"Red") -> 0 | AB45: Staff/Wand | AC45: =COUNTIFS(C:C,AB45,D:D,"House Regard") -> 0 | AD45: =COUNTIFS(C:C,AB45,D:D,"Undercooked") -> 0
A46: 6 | B46: =VLOOKUP(C46,Lists!I:J,2,FALSE) -> Ranged DPS | C46: =VLOOKUP(E46&D46,Lists!C:E,3,FALSE) -> Staff/Orb | D46: Undercooked | E46: CruMpet | F46: Red | G46: 26 | H46: 39 | I46: =SUM(G46:H46) -> 65 | J46: 2097283 | K46: 544330 | L46: 0 | M46: =I46/(HLOOKUP(F46,Team_Composition_23[[#All],[Yellow]:[Red]],10,FALSE)+HLOOKUP(F46,Team_Composition_23[[#All],[Yellow]:[Red]],11,FALSE)) -> 0.079171742 | N46: =J46/HLOOKUP(F46,Team_Composition_23[[#All],[Yellow]:[Red]],6,FALSE) -> 0.11885718 | O46: =K46/HLOOKUP(F46,Team_Composition_23[[#All],[Yellow]:[Red]],8,FALSE) -> 0.012366657 | P46: =L46/HLOOKUP(F46,Team_Composition_23[[#All],[Yellow]:[Red]],7,FALSE) -> 0 | R46: Wand/Dagger | S46: =COUNTIFS(C:C,R46,F:F,"Yellow") -> 0 | T46: =COUNTIFS(C:C,R46,F:F,"Red") -> 0 | AB46: Wand/Dagger | AC46: =COUNTIFS(C:C,AB46,D:D,"House Regard") -> 0 | AD46: =COUNTIFS(C:C,AB46,D:D,"Undercooked") -> 0
A47: 25 | B47: =VLOOKUP(C47,Lists!I:J,2,FALSE) -> Ranged DPS | C47: =VLOOKUP(E47&D47,Lists!C:E,3,FALSE) -> Staff/Orb | D47: House Regard | E47: EnoughCrazy | F47: Yellow | G47: 11 | H47: 38 | I47: =SUM(G47:H47) -> 49 | J47: 1807246 | K47: 1124504 | L47: 36112 | M47: =I47/(HLOOKUP(F47,Team_Composition_23[[#All],[Yellow]:[Red]],10,FALSE)+HLOOKUP(F47,Team_Composition_23[[#All],[Yellow]:[Red]],11,FALSE)) -> 0.012246938 | N47: =J47/HLOOKUP(F47,Team_Composition_23[[#All],[Yellow]:[Red]],6,FALSE) -> 0.040737144 | O47: =K47/HLOOKUP(F47,Team_Composition_23[[#All],[Yellow]:[Red]],8,FALSE) -> 0.06418855 | P47: =L47/HLOOKUP(F47,Team_Composition_23[[#All],[Yellow]:[Red]],7,FALSE) -> 0.0027896972
A48: 13 | B48: =VLOOKUP(C48,Lists!I:J,2,FALSE) -> Ranged DPS | C48: =VLOOKUP(E48&D48,Lists!C:E,3,FALSE) -> Staff/Orb | D48: House Regard | E48: Ryujin | F48: Red | G48: 21 | H48: 53 | I48: =SUM(G48:H48) -> 74 | J48: 1979246 | K48: 559584 | L48: 16558 | M48: =I48/(HLOOKUP(F48,Team_Composition_23[[#All],[Yellow]:[Red]],10,FALSE)+HLOOKUP(F48,Team_Composition_23[[#All],[Yellow]:[Red]],11,FALSE)) -> 0.090133983 | N48: =J48/HLOOKUP(F48,Team_Composition_23[[#All],[Yellow]:[Red]],6,FALSE) -> 0.11216779 | O48: =K48/HLOOKUP(F48,Team_Composition_23[[#All],[Yellow]:[Red]],8,FALSE) -> 0.012713213 | P48: =L48/HLOOKUP(F48,Team_Composition_23[[#All],[Yellow]:[Red]],7,FALSE) -> 0.00068228618
A49: 2 | B49: =VLOOKUP(C49,Lists!I:J,2,FALSE) -> Ranged DPS | C49: =VLOOKUP(E49&D49,Lists!C:E,3,FALSE) -> Staff/Dagger | D49: House Regard | E49: Ceviche | F49: Red | G49: 36 | H49: 84 | I49: =SUM(G49:H49) -> 120 | J49: 2957408 | K49: 549804 | L49: 9404 | M49: =I49/(HLOOKUP(F49,Team_Composition_23[[#All],[Yellow]:[Red]],10,FALSE)+HLOOKUP(F49,Team_Composition_23[[#All],[Yellow]:[Red]],11,FALSE)) -> 0.14616322 | N49: =J49/HLOOKUP(F49,Team_Composition_23[[#All],[Yellow]:[Red]],6,FALSE) -> 0.16760216 | O49: =K49/HLOOKUP(F49,Team_Composition_23[[#All],[Yellow]:[Red]],8,FALSE) -> 0.012491021 | P49: =L49/HLOOKUP(F49,Team_Composition_23[[#All],[Yellow]:[Red]],7,FALSE) -> 0.00038749965 | R49: Tank | AB49: Tank
A50: 29 | B50: =VLOOKUP(C50,Lists!I:J,2,FALSE) -> Ranged DPS | C50: =VLOOKUP(E50&D50,Lists!C:E,3,FALSE) -> Staff/Dagger | D50: House Regard | E50: ELCHAMO | F50: Yellow | G50: 6 | H50: 18 | I50: =SUM(G50:H50) -> 24 | J50: 515889 | K50: 1356355 | L50: 18462 | M50: =I50/(HLOOKUP(F50,Team_Composition_23[[#All],[Yellow]:[Red]],10,FALSE)+HLOOKUP(F50,Team_Composition_23[[#All],[Yellow]:[Red]],11,FALSE)) -> 0.0059985004 | N50: =J50/HLOOKUP(F50,Team_Composition_23[[#All],[Yellow]:[Red]],6,FALSE) -> 0.011628657 | O50: =K50/HLOOKUP(F50,Team_Composition_23[[#All],[Yellow]:[Red]],8,FALSE) -> 0.077422989 | P50: =L50/HLOOKUP(F50,Team_Composition_23[[#All],[Yellow]:[Red]],7,FALSE) -> 0.0014262126 | R50: Data | S50: Yellow | T50: Red | AB50: Data | AC50: BR | AD50: Undercooked
A51: 4 | B51: =VLOOKUP(C51,Lists!I:J,2,FALSE) -> Ranged DPS | C51: =VLOOKUP(E51&D51,Lists!C:E,3,FALSE) -> Staff/Dagger | D51: Undercooked | E51: Gelato | F51: Red | G51: 30 | H51: 63 | I51: =SUM(G51:H51) -> 93 | J51: 2345202 | K51: 608269 | L51: 0 | M51: =I51/(HLOOKUP(F51,Team_Composition_23[[#All],[Yellow]:[Red]],10,FALSE)+HLOOKUP(F51,Team_Composition_23[[#All],[Yellow]:[Red]],11,FALSE)) -> 0.11327649 | N51: =J51/HLOOKUP(F51,Team_Composition_23[[#All],[Yellow]:[Red]],6,FALSE) -> 0.13290724 | O51: =K51/HLOOKUP(F51,Team_Composition_23[[#All],[Yellow]:[Red]],8,FALSE) -> 0.01381929 | P51: =L51/HLOOKUP(F51,Team_Composition_23[[#All],[Yellow]:[Red]],7,FALSE) -> 0 | R51: Damage Dealt | S51: =SUMIFS(Scoreboard_44[Damage Dealt],Scoreboard_44[Role],"Tank",Scoreboard_44[Team],"Yellow") -> 673446 | T51: =SUMIFS(Scoreboard_44[Damage Dealt],Scoreboard_44[Role],"Tank",Scoreboard_44[Team],"Red") -> 1138893 | AB51: Damage Dealt | AC51: =SUMIFS(Scoreboard_44[Damage Dealt],Scoreboard_44[Role],"Tank",Scoreboard_44[Guild],"House Regard") -> 1376060 | AD51: =SUMIFS(Scoreboard_44[Damage Dealt],Scoreboard_44[Role],"Tank",Scoreboard_44[Guild],"Undercooked") -> 436279
A52: 35 | B52: =VLOOKUP(C52,Lists!I:J,2,FALSE) -> Ranged DPS | C52: =VLOOKUP(E52&D52,Lists!C:E,3,FALSE) -> Staff/Dagger | D52: House Regard | E52: Kiefblunt | F52: Yellow | G52: 3 | H52: 22 | I52: =SUM(G52:H52) -> 25 | J52: 816150 | K52: 604437 | L52: 10567 | M52: =I52/(HLOOKUP(F52,Team_Composition_23[[#All],[Yellow]:[Red]],10,FALSE)+HLOOKUP(F52,Team_Composition_23[[#All],[Yellow]:[Red]],11,FALSE)) -> 0.0062484379 | N52: =J52/HLOOKUP(F52,Team_Composition_23[[#All],[Yellow]:[Red]],6,FALSE) -> 0.018396843 | O52: =K52/HLOOKUP(F52,Team_Composition_23[[#All],[Yellow]:[Red]],8,FALSE) -> 0.034502265 | P52: =L52/HLOOKUP(F52,Team_Composition_23[[#All],[Yellow]:[Red]],7,FALSE) -> 0.00081631398 | R52: Damage Taken | S52: =SUMIFS(Scoreboard_44[Damage Taken],Scoreboard_44[Role],"Tank",Scoreboard_44[Team],"Yellow") -> 5256331 | T52: =SUMIFS(Scoreboard_44[Damage Taken],Scoreboard_44[Role],"Tank",Scoreboard_44[Team],"Red") -> 3991266 | AB52: Damage Taken | AC52: =SUMIFS(Scoreboard_44[Damage Taken],Scoreboard_44[Role],"Tank",Scoreboard_44[Guild],"House Regard") -> 5603694 | AD52: =SUMIFS(Scoreboard_44[Damage Taken],Scoreboard_44[Role],"Tank",Scoreboard_44[Guild],"Undercooked") -> 3643903
A53: 21 | B53: =VLOOKUP(C53,Lists!I:J,2,FALSE) -> Ranged DPS | C53: =VLOOKUP(E53&D53,Lists!C:E,3,FALSE) -> Staff/Dagger | D53: Undercooked | E53: Snoop | F53: Yellow | G53: 14 | H53: 47 | I53: =SUM(G53:H53) -> 61 | J53: 1950298 | K53: 665545 | L53: 0 | M53: =I53/(HLOOKUP(F53,Team_Composition_23[[#All],[Yellow]:[Red]],10,FALSE)+HLOOKUP(F53,Team_Composition_23[[#All],[Yellow]:[Red]],11,FALSE)) -> 0.015246188 | N53: =J53/HLOOKUP(F53,Team_Composition_23[[#All],[Yellow]:[Red]],6,FALSE) -> 0.04396168 | O53: =K53/HLOOKUP(F53,Team_Composition_23[[#All],[Yellow]:[Red]],8,FALSE) -> 0.037990411 | P53: =L53/HLOOKUP(F53,Team_Composition_23[[#All],[Yellow]:[Red]],7,FALSE) -> 0 | R53: Amount Healed | S53: =SUMIFS(Scoreboard_44[Amount Healed],Scoreboard_44[Role],"Tank",Scoreboard_44[Team],"Yellow") -> 679533 | T53: =SUMIFS(Scoreboard_44[Amount Healed],Scoreboard_44[Role],"Tank",Scoreboard_44[Team],"Red") -> 268882 | AB53: Amount Healed | AC53: =SUMIFS(Scoreboard_44[Amount Healed],Scoreboard_44[Role],"Tank",Scoreboard_44[Guild],"House Regard") -> 318961 | AD53: =SUMIFS(Scoreboard_44[Amount Healed],Scoreboard_44[Role],"Tank",Scoreboard_44[Guild],"Undercooked") -> 629454
A54: 17 | B54: =VLOOKUP(C54,Lists!I:J,2,FALSE) -> Melee DPS | C54: =VLOOKUP(E54&D54,Lists!C:E,3,FALSE) -> Spear/Dagger | D54: Undercooked | E54: Ratatouille | F54: Red | G54: 15 | H54: 62 | I54: =SUM(G54:H54) -> 77 | J54: 1643863 | K54: 947547 | L54: 1476 | M54: =I54/(HLOOKUP(F54,Team_Composition_23[[#All],[Yellow]:[Red]],10,FALSE)+HLOOKUP(F54,Team_Composition_23[[#All],[Yellow]:[Red]],11,FALSE)) -> 0.093788063 | N54: =J54/HLOOKUP(F54,Team_Composition_23[[#All],[Yellow]:[Red]],6,FALSE) -> 0.093160967 | O54: =K54/HLOOKUP(F54,Team_Composition_23[[#All],[Yellow]:[Red]],8,FALSE) -> 0.021527361 | P54: =L54/HLOOKUP(F54,Team_Composition_23[[#All],[Yellow]:[Red]],7,FALSE) -> 6.0819809e-05 | R54: Kills | S54: =SUMIFS(Scoreboard_44[Kills],Scoreboard_44[Role],"Tank",Scoreboard_44[Team],"Yellow") -> 4 | T54: =SUMIFS(Scoreboard_44[Kills],Scoreboard_44[Role],"Tank",Scoreboard_44[Team],"Red") -> 15 | AB54: Kills | AC54: =SUMIFS(Scoreboard_44[Kills],Scoreboard_44[Role],"Tank",Scoreboard_44[Guild],"House Regard") -> 16 | AD54: =SUMIFS(Scoreboard_44[Kills],Scoreboard_44[Role],"Tank",Scoreboard_44[Guild],"Undercooked") -> 3
A55: 34 | B55: =VLOOKUP(C55,Lists!I:J,2,FALSE) -> Ranged DPS | C55: =VLOOKUP(E55&D55,Lists!C:E,3,FALSE) -> SnS/Wand | D55: House Regard | E55: jaMESSSSSSSS | F55: Yellow | G55: 3 | H55: 27 | I55: =SUM(G55:H55) -> 30 | J55: 1023486 | K55: 743465 | L55: 430461 | M55: =I55/(HLOOKUP(F55,Team_Composition_23[[#All],[Yellow]:[Red]],10,FALSE)+HLOOKUP(F55,Team_Composition_23[[#All],[Yellow]:[Red]],11,FALSE)) -> 0.0074981255 | N55: =J55/HLOOKUP(F55,Team_Composition_23[[#All],[Yellow]:[Red]],6,FALSE) -> 0.023070405 | O55: =K55/HLOOKUP(F55,Team_Composition_23[[#All],[Yellow]:[Red]],8,FALSE) -> 0.042438213 | P55: =L55/HLOOKUP(F55,Team_Composition_23[[#All],[Yellow]:[Red]],7,FALSE) -> 0.033253651 | R55: Assists | S55: =SUMIFS(Scoreboard_44[Assists],Scoreboard_44[Role],"Tank",Scoreboard_44[Team],"Yellow") -> 99 | T55: =SUMIFS(Scoreboard_44[Assists],Scoreboard_44[Role],"Tank",Scoreboard_44[Team],"Red") -> 171 | AB55: Assists | AC55: =SUMIFS(Scoreboard_44[Assists],Scoreboard_44[Role],"Tank",Scoreboard_44[Guild],"House Regard") -> 198 | AD55: =SUMIFS(Scoreboard_44[Assists],Scoreboard_44[Role],"Tank",Scoreboard_44[Guild],"Undercooked") -> 72
A56: 33 | B56: =VLOOKUP(C56,Lists!I:J,2,FALSE) -> Tank | C56: =VLOOKUP(E56&D56,Lists!C:E,3,FALSE) -> SnS/Spear | D56: House Regard | E56: HubertCumbrdale | F56: Red | G56: 3 | H56: 29 | I56: =SUM(G56:H56) -> 32 | J56: 172558 | K56: 259730 | L56: 12903 | M56: =I56/(HLOOKUP(F56,Team_Composition_23[[#All],[Yellow]:[Red]],10,FALSE)+HLOOKUP(F56,Team_Composition_23[[#All],[Yellow]:[Red]],11,FALSE)) -> 0.038976857 | N56: =J56/HLOOKUP(F56,Team_Composition_23[[#All],[Yellow]:[Red]],6,FALSE) -> 0.0097792031 | O56: =K56/HLOOKUP(F56,Team_Composition_23[[#All],[Yellow]:[Red]],8,FALSE) -> 0.0059008171 | P56: =L56/HLOOKUP(F56,Team_Composition_23[[#All],[Yellow]:[Red]],7,FALSE) -> 0.00053167886 | R56: SnS/Spear | S56: =COUNTIFS(C:C,R56,F:F,"Yellow") -> 0 | T56: =COUNTIFS(C:C,R56,F:F,"Red") -> 2 | AB56: SnS/Spear | AC56: =COUNTIFS(C:C,AB56,D:D,"House Regard") -> 2 | AD56: =COUNTIFS(C:C,AB56,D:D,"Undercooked") -> 0
A57: 32 | B57: =VLOOKUP(C57,Lists!I:J,2,FALSE) -> Tank | C57: =VLOOKUP(E57&D57,Lists!C:E,3,FALSE) -> SnS/Spear | D57: House Regard | E57: Loudpack | F57: Red | G57: 3 | H57: 29 | I57: =SUM(G57:H57) -> 32 | J57: 265219 | K57: 477117 | L57: 34242 | M57: =I57/(HLOOKUP(F57,Team_Composition_23[[#All],[Yellow]:[Red]],10,FALSE)+HLOOKUP(F57,Team_Composition_23[[#All],[Yellow]:[Red]],11,FALSE)) -> 0.038976857 | N57: =J57/HLOOKUP(F57,Team_Composition_23[[#All],[Yellow]:[Red]],6,FALSE) -> 0.015030485 | O57: =K57/HLOOKUP(F57,Team_Composition_23[[#All],[Yellow]:[Red]],8,FALSE) -> 0.010839642 | P57: =L57/HLOOKUP(F57,Team_Composition_23[[#All],[Yellow]:[Red]],7,FALSE) -> 0.0014109701 | R57: SnS/Dagger | S57: =COUNTIFS(C:C,R57,F:F,"Yellow") -> 0 | T57: =COUNTIFS(C:C,R57,F:F,"Red") -> 1 | AB57: SnS/Dagger | AC57: =COUNTIFS(C:C,AB57,D:D,"House Regard") -> 1 | AD57: =COUNTIFS(C:C,AB57,D:D,"Undercooked") -> 0
A58: 84 | B58: =VLOOKUP(C58,Lists!I:J,2,FALSE) -> Tank | C58: =VLOOKUP(E58&D58,Lists!C:E,3,FALSE) -> SnS/Longbow | D58: Undercooked | E58: Eggplant | F58: Yellow | G58: 0 | H58: 8 | I58: =SUM(G58:H58) -> 8 | J58: 30755 | K58: 581180 | L58: 181590 | M58: =I58/(HLOOKUP(F58,Team_Composition_23[[#All],[Yellow]:[Red]],10,FALSE)+HLOOKUP(F58,Team_Composition_23[[#All],[Yellow]:[Red]],11,FALSE)) -> 0.0019995001 | N58: =J58/HLOOKUP(F58,Team_Composition_23[[#All],[Yellow]:[Red]],6,FALSE) -> 0.00069324866 | O58: =K58/HLOOKUP(F58,Team_Composition_23[[#All],[Yellow]:[Red]],8,FALSE) -> 0.033174717 | P58: =L58/HLOOKUP(F58,Team_Composition_23[[#All],[Yellow]:[Red]],7,FALSE) -> 0.014028055 | R58: SnS/Greatsword | S58: =COUNTIFS(C:C,R58,F:F,"Yellow") -> 8 | T58: =COUNTIFS(C:C,R58,F:F,"Red") -> 8 | AB58: SnS/Greatsword | AC58: =COUNTIFS(C:C,AB58,D:D,"House Regard") -> 11 | AD58: =COUNTIFS(C:C,AB58,D:D,"Undercooked") -> 5
A59: 43 | B59: =VLOOKUP(C59,Lists!I:J,2,FALSE) -> Tank | C59: =VLOOKUP(E59&D59,Lists!C:E,3,FALSE) -> SnS/Greatsword | D59: Undercooked | E59: Cat | F59: Yellow | G59: 1 | H59: 10 | I59: =SUM(G59:H59) -> 11 | J59: 53912 | K59: 286644 | L59: 15646 | M59: =I59/(HLOOKUP(F59,Team_Composition_23[[#All],[Yellow]:[Red]],10,FALSE)+HLOOKUP(F59,Team_Composition_23[[#All],[Yellow]:[Red]],11,FALSE)) -> 0.0027493127 | N59: =J59/HLOOKUP(F59,Team_Composition_23[[#All],[Yellow]:[Red]],6,FALSE) -> 0.0012152308 | O59: =K59/HLOOKUP(F59,Team_Composition_23[[#All],[Yellow]:[Red]],8,FALSE) -> 0.016362114 | P59: =L59/HLOOKUP(F59,Team_Composition_23[[#All],[Yellow]:[Red]],7,FALSE) -> 0.0012086731 | R59: SnS/Longbow | S59: =COUNTIFS(C:C,R59,F:F,"Yellow") -> 3 | T59: =COUNTIFS(C:C,R59,F:F,"Red") -> 0 | AB59: SnS/Longbow | AC59: =COUNTIFS(C:C,AB59,D:D,"House Regard") -> 0 | AD59: =COUNTIFS(C:C,AB59,D:D,"Undercooked") -> 3
A60: 44 | B60: =VLOOKUP(C60,Lists!I:J,2,FALSE) -> Tank | C60: =VLOOKUP(E60&D60,Lists!C:E,3,FALSE) -> SnS/Greatsword | D60: House Regard | E60: CertifiedSquishy | F60: Red | G60: 1 | H60: 10 | I60: =SUM(G60:H60) -> 11 | J60: 29951 | K60: 143634 | L60: 23103 | M60: =I60/(HLOOKUP(F60,Team_Composition_23[[#All],[Yellow]:[Red]],10,FALSE)+HLOOKUP(F60,Team_Composition_23[[#All],[Yellow]:[Red]],11,FALSE)) -> 0.013398295 | N60: =J60/HLOOKUP(F60,Team_Composition_23[[#All],[Yellow]:[Red]],6,FALSE) -> 0.0016973824 | O60: =K60/HLOOKUP(F60,Team_Composition_23[[#All],[Yellow]:[Red]],8,FALSE) -> 0.0032632271 | P60: =L60/HLOOKUP(F60,Team_Composition_23[[#All],[Yellow]:[Red]],7,FALSE) -> 0.00095197835 | R60: SnS/Orb | S60: =COUNTIFS(C:C,R60,F:F,"Yellow") -> 0 | T60: =COUNTIFS(C:C,R60,F:F,"Red") -> 0 | AB60: SnS/Orb | AC60: =COUNTIFS(C:C,AB60,D:D,"House Regard") -> 0 | AD60: =COUNTIFS(C:C,AB60,D:D,"Undercooked") -> 0
A61: 88 | B61: =VLOOKUP(C61,Lists!I:J,2,FALSE) -> Tank | C61: =VLOOKUP(E61&D61,Lists!C:E,3,FALSE) -> SnS/Greatsword | D61: Undercooked | E61: CreamOfWheat69 | F61: Red | G61: 0 | H61: 6 | I61: =SUM(G61:H61) -> 6 | J61: 23223 | K61: 315798 | L61: 36572 | M61: =I61/(HLOOKUP(F61,Team_Composition_23[[#All],[Yellow]:[Red]],10,FALSE)+HLOOKUP(F61,Team_Composition_23[[#All],[Yellow]:[Red]],11,FALSE)) -> 0.0073081608 | N61: =J61/HLOOKUP(F61,Team_Composition_23[[#All],[Yellow]:[Red]],6,FALSE) -> 0.0013160933 | O61: =K61/HLOOKUP(F61,Team_Composition_23[[#All],[Yellow]:[Red]],8,FALSE) -> 0.0071746284 | P61: =L61/HLOOKUP(F61,Team_Composition_23[[#All],[Yellow]:[Red]],7,FALSE) -> 0.0015069797
A62: 91 | B62: =VLOOKUP(C62,Lists!I:J,2,FALSE) -> Tank | C62: =VLOOKUP(E62&D62,Lists!C:E,3,FALSE) -> SnS/Greatsword | D62: House Regard | E62: Feelix | F62: Red | G62: 0 | H62: 5 | I62: =SUM(G62:H62) -> 5 | J62: 34485 | K62: 347906 | L62: 21347 | M62: =I62/(HLOOKUP(F62,Team_Composition_23[[#All],[Yellow]:[Red]],10,FALSE)+HLOOKUP(F62,Team_Composition_23[[#All],[Yellow]:[Red]],11,FALSE)) -> 0.006090134 | N62: =J62/HLOOKUP(F62,Team_Composition_23[[#All],[Yellow]:[Red]],6,FALSE) -> 0.0019543332 | O62: =K62/HLOOKUP(F62,Team_Composition_23[[#All],[Yellow]:[Red]],8,FALSE) -> 0.0079040915 | P62: =L62/HLOOKUP(F62,Team_Composition_23[[#All],[Yellow]:[Red]],7,FALSE) -> 0.00087962091
A63: 82 | B63: =VLOOKUP(C63,Lists!I:J,2,FALSE) -> Tank | C63: =VLOOKUP(E63&D63,Lists!C:E,3,FALSE) -> SnS/Greatsword | D63: House Regard | E63: Hexapod | F63: Yellow | G63: 0 | H63: 8 | I63: =SUM(G63:H63) -> 8 | J63: 49002 | K63: 759120 | L63: 26173 | M63: =I63/(HLOOKUP(F63,Team_Composition_23[[#All],[Yellow]:[Red]],10,FALSE)+HLOOKUP(F63,Team_Composition_23[[#All],[Yellow]:[Red]],11,FALSE)) -> 0.0019995001 | N63: =J63/HLOOKUP(F63,Team_Composition_23[[#All],[Yellow]:[Red]],6,FALSE) -> 0.0011045544 | O63: =K63/HLOOKUP(F63,Team_Composition_23[[#All],[Yellow]:[Red]],8,FALSE) -> 0.043331827 | P63: =L63/HLOOKUP(F63,Team_Composition_23[[#All],[Yellow]:[Red]],7,FALSE) -> 0.002021897 | R63: Healer | AB63: Healer
A64: 30 | B64: =VLOOKUP(C64,Lists!I:J,2,FALSE) -> Tank | C64: =VLOOKUP(E64&D64,Lists!C:E,3,FALSE) -> SnS/Greatsword | D64: House Regard | E64: Micheru | F64: Red | G64: 5 | H64: 22 | I64: =SUM(G64:H64) -> 27 | J64: 314645 | K64: 550921 | L64: 49637 | M64: =I64/(HLOOKUP(F64,Team_Composition_23[[#All],[Yellow]:[Red]],10,FALSE)+HLOOKUP(F64,Team_Composition_23[[#All],[Yellow]:[Red]],11,FALSE)) -> 0.032886724 | N64: =J64/HLOOKUP(F64,Team_Composition_23[[#All],[Yellow]:[Red]],6,FALSE) -> 0.017831554 | O64: =K64/HLOOKUP(F64,Team_Composition_23[[#All],[Yellow]:[Red]],8,FALSE) -> 0.012516398 | P64: =L64/HLOOKUP(F64,Team_Composition_23[[#All],[Yellow]:[Red]],7,FALSE) -> 0.0020453339 | R64: Data | S64: Yellow | T64: Red | AB64: Data | AC64: BR | AD64: Undercooked
A65: 89 | B65: =VLOOKUP(C65,Lists!I:J,2,FALSE) -> Tank | C65: =VLOOKUP(E65&D65,Lists!C:E,3,FALSE) -> SnS/Greatsword | D65: House Regard | E65: mo | F65: Yellow | G65: 0 | H65: 5 | I65: =SUM(G65:H65) -> 5 | J65: 35979 | K65: 324525 | L65: 14558 | M65: =I65/(HLOOKUP(F65,Team_Composition_23[[#All],[Yellow]:[Red]],10,FALSE)+HLOOKUP(F65,Team_Composition_23[[#All],[Yellow]:[Red]],11,FALSE)) -> 0.0012496876 | N65: =J65/HLOOKUP(F65,Team_Composition_23[[#All],[Yellow]:[Red]],6,FALSE) -> 0.00081100288 | O65: =K65/HLOOKUP(F65,Team_Composition_23[[#All],[Yellow]:[Red]],8,FALSE) -> 0.018524424 | P65: =L65/HLOOKUP(F65,Team_Composition_23[[#All],[Yellow]:[Red]],7,FALSE) -> 0.0011246237 | R65: Damage Dealt | S65: =SUMIFS(Scoreboard_44[Damage Dealt],Scoreboard_44[Role],"Healer",Scoreboard_44[Team],"Yellow") -> 384798 | T65: =SUMIFS(Scoreboard_44[Damage Dealt],Scoreboard_44[Role],"Healer",Scoreboard_44[Team],"Red") -> 445880 | AB65: Damage Dealt | AC65: =SUMIFS(Scoreboard_44[Damage Dealt],Scoreboard_44[Role],"Healer",Scoreboard_44[Guild],"House Regard") -> 465540 | AD65: =SUMIFS(Scoreboard_44[Damage Dealt],Scoreboard_44[Role],"Healer",Scoreboard_44[Guild],"Undercooked") -> 365138
A66: 45 | B66: =VLOOKUP(C66,Lists!I:J,2,FALSE) -> Tank | C66: =VLOOKUP(E66&D66,Lists!C:E,3,FALSE) -> SnS/Greatsword | D66: House Regard | E66: Moon | F66: Red | G66: 1 | H66: 9 | I66: =SUM(G66:H66) -> 10 | J66: 31883 | K66: 262504 | L66: 41108 | M66: =I66/(HLOOKUP(F66,Team_Composition_23[[#All],[Yellow]:[Red]],10,FALSE)+HLOOKUP(F66,Team_Composition_23[[#All],[Yellow]:[Red]],11,FALSE)) -> 0.012180268 | N66: =J66/HLOOKUP(F66,Team_Composition_23[[#All],[Yellow]:[Red]],6,FALSE) -> 0.0018068727 | O66: =K66/HLOOKUP(F66,Team_Composition_23[[#All],[Yellow]:[Red]],8,FALSE) -> 0.0059638397 | P66: =L66/HLOOKUP(F66,Team_Composition_23[[#All],[Yellow]:[Red]],7,FALSE) -> 0.0016938894 | R66: Damage Taken | S66: =SUMIFS(Scoreboard_44[Damage Taken],Scoreboard_44[Role],"Healer",Scoreboard_44[Team],"Yellow") -> 5292346 | T66: =SUMIFS(Scoreboard_44[Damage Taken],Scoreboard_44[Role],"Healer",Scoreboard_44[Team],"Red") -> 4735726 | AB66: Damage Taken | AC66: =SUMIFS(Scoreboard_44[Damage Taken],Scoreboard_44[Role],"Healer",Scoreboard_44[Guild],"House Regard") -> 4934965 | AD66: =SUMIFS(Scoreboard_44[Damage Taken],Scoreboard_44[Role],"Healer",Scoreboard_44[Guild],"Undercooked") -> 5093107
A67: 39 | B67: =VLOOKUP(C67,Lists!I:J,2,FALSE) -> Tank | C67: =VLOOKUP(E67&D67,Lists!C:E,3,FALSE) -> SnS/Greatsword | D67: House Regard | E67: P | F67: Red | G67: 1 | H67: 18 | I67: =SUM(G67:H67) -> 19 | J67: 46496 | K67: 780660 | L67: 34821 | M67: =I67/(HLOOKUP(F67,Team_Composition_23[[#All],[Yellow]:[Red]],10,FALSE)+HLOOKUP(F67,Team_Composition_23[[#All],[Yellow]:[Red]],11,FALSE)) -> 0.023142509 | N67: =J67/HLOOKUP(F67,Team_Composition_23[[#All],[Yellow]:[Red]],6,FALSE) -> 0.0026350203 | O67: =K67/HLOOKUP(F67,Team_Composition_23[[#All],[Yellow]:[Red]],8,FALSE) -> 0.017735848 | P67: =L67/HLOOKUP(F67,Team_Composition_23[[#All],[Yellow]:[Red]],7,FALSE) -> 0.0014348283 | R67: Amount Healed | S67: =SUMIFS(Scoreboard_44[Amount Healed],Scoreboard_44[Role],"Healer",Scoreboard_44[Team],"Yellow") -> 14313614 | T67: =SUMIFS(Scoreboard_44[Amount Healed],Scoreboard_44[Role],"Healer",Scoreboard_44[Team],"Red") -> 14649843 | AB67: Amount Healed | AC67: =SUMIFS(Scoreboard_44[Amount Healed],Scoreboard_44[Role],"Healer",Scoreboard_44[Guild],"House Regard") -> 16016569 | AD67: =SUMIFS(Scoreboard_44[Amount Healed],Scoreboard_44[Role],"Healer",Scoreboard_44[Guild],"Undercooked") -> 12946888
A68: 87 | B68: =VLOOKUP(C68,Lists!I:J,2,FALSE) -> Tank | C68: =VLOOKUP(E68&D68,Lists!C:E,3,FALSE) -> SnS/Greatsword | D68: Undercooked | E68: Picklesnaus | F68: Yellow | G68: 0 | H68: 6 | I68: =SUM(G68:H68) -> 6 | J68: 45878 | K68: 456018 | L68: 23895 | M68: =I68/(HLOOKUP(F68,Team_Composition_23[[#All],[Yellow]:[Red]],10,FALSE)+HLOOKUP(F68,Team_Composition_23[[#All],[Yellow]:[Red]],11,FALSE)) -> 0.0014996251 | N68: =J68/HLOOKUP(F68,Team_Composition_23[[#All],[Yellow]:[Red]],6,FALSE) -> 0.0010341363 | O68: =K68/HLOOKUP(F68,Team_Composition_23[[#All],[Yellow]:[Red]],8,FALSE) -> 0.026030263 | P68: =L68/HLOOKUP(F68,Team_Composition_23[[#All],[Yellow]:[Red]],7,FALSE) -> 0.0018459187 | R68: Kills | S68: =SUMIFS(Scoreboard_44[Kills],Scoreboard_44[Role],"Healer",Scoreboard_44[Team],"Yellow") -> 0 | T68: =SUMIFS(Scoreboard_44[Kills],Scoreboard_44[Role],"Healer",Scoreboard_44[Team],"Red") -> 2 | AB68: Kills | AC68: =SUMIFS(Scoreboard_44[Kills],Scoreboard_44[Role],"Healer",Scoreboard_44[Guild],"House Regard") -> 2 | AD68: =SUMIFS(Scoreboard_44[Kills],Scoreboard_44[Role],"Healer",Scoreboard_44[Guild],"Undercooked") -> 0
A69: 40 | B69: =VLOOKUP(C69,Lists!I:J,2,FALSE) -> Tank | C69: =VLOOKUP(E69&D69,Lists!C:E,3,FALSE) -> SnS/Greatsword | D69: House Regard | E69: RedCamper | F69: Yellow | G69: 1 | H69: 16 | I69: =SUM(G69:H69) -> 17 | J69: 115307 | K69: 260702 | L69: 14326 | M69: =I69/(HLOOKUP(F69,Team_Composition_23[[#All],[Yellow]:[Red]],10,FALSE)+HLOOKUP(F69,Team_Composition_23[[#All],[Yellow]:[Red]],11,FALSE)) -> 0.0042489378 | N69: =J69/HLOOKUP(F69,Team_Composition_23[[#All],[Yellow]:[Red]],6,FALSE) -> 0.0025991359 | O69: =K69/HLOOKUP(F69,Team_Composition_23[[#All],[Yellow]:[Red]],8,FALSE) -> 0.014881302 | P69: =L69/HLOOKUP(F69,Team_Composition_23[[#All],[Yellow]:[Red]],7,FALSE) -> 0.0011067014 | R69: Assists | S69: =SUMIFS(Scoreboard_44[Assists],Scoreboard_44[Role],"Healer",Scoreboard_44[Team],"Yellow") -> 358 | T69: =SUMIFS(Scoreboard_44[Assists],Scoreboard_44[Role],"Healer",Scoreboard_44[Team],"Red") -> 626 | AB69: Assists | AC69: =SUMIFS(Scoreboard_44[Assists],Scoreboard_44[Role],"Healer",Scoreboard_44[Guild],"House Regard") -> 586 | AD69: =SUMIFS(Scoreboard_44[Kills],Scoreboard_44[Role],"Healer",Scoreboard_44[Guild],"Undercooked") -> 0
A70: 93 | B70: =VLOOKUP(C70,Lists!I:J,2,FALSE) -> Tank | C70: =VLOOKUP(E70&D70,Lists!C:E,3,FALSE) -> SnS/Greatsword | D70: House Regard | E70: RheGGie | F70: Yellow | G70: 0 | H70: 4 | I70: =SUM(G70:H70) -> 4 | J70: 60102 | K70: 583879 | L70: 31594 | M70: =I70/(HLOOKUP(F70,Team_Composition_23[[#All],[Yellow]:[Red]],10,FALSE)+HLOOKUP(F70,Team_Composition_23[[#All],[Yellow]:[Red]],11,FALSE)) -> 0.00099975006 | N70: =J70/HLOOKUP(F70,Team_Composition_23[[#All],[Yellow]:[Red]],6,FALSE) -> 0.0013547596 | O70: =K70/HLOOKUP(F70,Team_Composition_23[[#All],[Yellow]:[Red]],8,FALSE) -> 0.03332878 | P70: =L70/HLOOKUP(F70,Team_Composition_23[[#All],[Yellow]:[Red]],7,FALSE) -> 0.0024406761 | R70: Wand/Longbow | S70: =COUNTIFS(C:C,R70,F:F,"Yellow") -> 6 | T70: =COUNTIFS(C:C,R70,F:F,"Red") -> 6 | AB70: Wand/Longbow | AC70: =COUNTIFS(C:C,AB70,D:D,"House Regard") -> 6 | AD70: =COUNTIFS(D:D,AC70,D:D,"Undercooked") -> 0
A71: 81 | B71: =VLOOKUP(C71,Lists!I:J,2,FALSE) -> Tank | C71: SnS/Greatsword | D71: Undercooked | E71: Shawaruma | F71: Yellow | G71: 0 | H71: 8 | I71: =SUM(G71:H71) -> 8 | J71: 156750 | K71: 382097 | L71: 20468 | M71: =I71/(HLOOKUP(F71,Team_Composition_23[[#All],[Yellow]:[Red]],10,FALSE)+HLOOKUP(F71,Team_Composition_23[[#All],[Yellow]:[Red]],11,FALSE)) -> 0.0019995001 | N71: =J71/HLOOKUP(F71,Team_Composition_23[[#All],[Yellow]:[Red]],6,FALSE) -> 0.0035333028 | O71: =K71/HLOOKUP(F71,Team_Composition_23[[#All],[Yellow]:[Red]],8,FALSE) -> 0.021810729 | P71: =L71/HLOOKUP(F71,Team_Composition_23[[#All],[Yellow]:[Red]],7,FALSE) -> 0.0015811786 | R71: Wand/Orb | S71: =COUNTIFS(C:C,R71,F:F,"Yellow") -> 8 | T71: =COUNTIFS(C:C,R71,F:F,"Red") -> 11 | AB71: Wand/Orb | AC71: =COUNTIFS(C:C,AB71,D:D,"House Regard") -> 10 | AD71: =COUNTIFS(D:D,AC71,D:D,"Undercooked") -> 0
A72: 38 | B72: =VLOOKUP(C72,Lists!I:J,2,FALSE) -> Tank | C72: =VLOOKUP(E72&D72,Lists!C:E,3,FALSE) -> SnS/Greatsword | D72: House Regard | E72: Sovwang | F72: Red | G72: 1 | H72: 21 | I72: =SUM(G72:H72) -> 22 | J72: 160821 | K72: 509454 | L72: 11772 | M72: =I72/(HLOOKUP(F72,Team_Composition_23[[#All],[Yellow]:[Red]],10,FALSE)+HLOOKUP(F72,Team_Composition_23[[#All],[Yellow]:[Red]],11,FALSE)) -> 0.02679659 | N72: =J72/HLOOKUP(F72,Team_Composition_23[[#All],[Yellow]:[Red]],6,FALSE) -> 0.0091140441 | O72: =K72/HLOOKUP(F72,Team_Composition_23[[#All],[Yellow]:[Red]],8,FALSE) -> 0.011574307 | P72: =L72/HLOOKUP(F72,Team_Composition_23[[#All],[Yellow]:[Red]],7,FALSE) -> 0.00048507506 | R72: Wand/Greatsword | S72: =COUNTIFS(C:C,R72,F:F,"Yellow") -> 0 | T72: =COUNTIFS(C:C,R72,F:F,"Red") -> 0 | AB72: Wand/Greatsword | AC72: =COUNTIFS(C:C,AB72,D:D,"House Regard") -> 0 | AD72: =COUNTIFS(D:D,AC72,D:D,"Undercooked") -> 0
A73: 78 | B73: =VLOOKUP(C73,Lists!I:J,2,FALSE) -> Tank | C73: =VLOOKUP(E73&D73,Lists!C:E,3,FALSE) -> SnS/Greatsword | D73: House Regard | E73: TemporalRage | F73: Red | G73: 0 | H73: 11 | I73: =SUM(G73:H73) -> 11 | J73: 36102 | K73: 314804 | L73: 2332 | M73: =I73/(HLOOKUP(F73,Team_Composition_23[[#All],[Yellow]:[Red]],10,FALSE)+HLOOKUP(F73,Team_Composition_23[[#All],[Yellow]:[Red]],11,FALSE)) -> 0.013398295 | N73: =J73/HLOOKUP(F73,Team_Composition_23[[#All],[Yellow]:[Red]],6,FALSE) -> 0.0020459717 | O73: =K73/HLOOKUP(F73,Team_Composition_23[[#All],[Yellow]:[Red]],8,FALSE) -> 0.0071520457 | P73: =L73/HLOOKUP(F73,Team_Composition_23[[#All],[Yellow]:[Red]],7,FALSE) -> 9.6092002e-05
A74: 85 | B74: =VLOOKUP(C74,Lists!I:J,2,FALSE) -> Tank | C74: =VLOOKUP(E74&D74,Lists!C:E,3,FALSE) -> SnS/Greatsword | D74: Undercooked | E74: Toro | F74: Yellow | G74: 0 | H74: 8 | I74: =SUM(G74:H74) -> 8 | J74: 24015 | K74: 950879 | L74: 32636 | M74: =I74/(HLOOKUP(F74,Team_Composition_23[[#All],[Yellow]:[Red]],10,FALSE)+HLOOKUP(F74,Team_Composition_23[[#All],[Yellow]:[Red]],11,FALSE)) -> 0.0019995001 | N74: =J74/HLOOKUP(F74,Team_Composition_23[[#All],[Yellow]:[Red]],6,FALSE) -> 0.00054132227 | O74: =K74/HLOOKUP(F74,Team_Composition_23[[#All],[Yellow]:[Red]],8,FALSE) -> 0.054277748 | P74: =L74/HLOOKUP(F74,Team_Composition_23[[#All],[Yellow]:[Red]],7,FALSE) -> 0.0025211719
A75: 79 | B75: =VLOOKUP(C75,Lists!I:J,2,FALSE) -> Tank | C75: =VLOOKUP(E75&D75,Lists!C:E,3,FALSE) -> SnS/Dagger | D75: House Regard | E75: SupraOzz | F75: Red | G75: 0 | H75: 11 | I75: =SUM(G75:H75) -> 11 | J75: 23510 | K75: 28738 | L75: 1045 | M75: =I75/(HLOOKUP(F75,Team_Composition_23[[#All],[Yellow]:[Red]],10,FALSE)+HLOOKUP(F75,Team_Composition_23[[#All],[Yellow]:[Red]],11,FALSE)) -> 0.013398295 | N75: =J75/HLOOKUP(F75,Team_Composition_23[[#All],[Yellow]:[Red]],6,FALSE) -> 0.0013323582 | O75: =K75/HLOOKUP(F75,Team_Composition_23[[#All],[Yellow]:[Red]],8,FALSE) -> 0.00065289987 | P75: =L75/HLOOKUP(F75,Team_Composition_23[[#All],[Yellow]:[Red]],7,FALSE) -> 4.3060095e-05 | R75: KS | AB75: KS
A76: 9 | B76: =VLOOKUP(C76,Lists!I:J,2,FALSE) -> KS | C76: =VLOOKUP(E76&D76,Lists!C:E,3,FALSE) -> Longbow/Dagger | D76: House Regard | E76: Fuji | F76: Red | G76: 24 | H76: 24 | I76: =SUM(G76:H76) -> 48 | J76: 890487 | K76: 346974 | L76: 0 | M76: =I76/(HLOOKUP(F76,Team_Composition_23[[#All],[Yellow]:[Red]],10,FALSE)+HLOOKUP(F76,Team_Composition_23[[#All],[Yellow]:[Red]],11,FALSE)) -> 0.058465286 | N76: =J76/HLOOKUP(F76,Team_Composition_23[[#All],[Yellow]:[Red]],6,FALSE) -> 0.050465659 | O76: =K76/HLOOKUP(F76,Team_Composition_23[[#All],[Yellow]:[Red]],8,FALSE) -> 0.0078829173 | P76: =L76/HLOOKUP(F76,Team_Composition_23[[#All],[Yellow]:[Red]],7,FALSE) -> 0 | R76: Data | S76: Yellow | T76: Red | AB76: Data | AC76: BR | AD76: Undercooked
A77: 7 | B77: =VLOOKUP(C77,Lists!I:J,2,FALSE) -> Melee DPS | C77: =VLOOKUP(E77&D77,Lists!C:E,3,FALSE) -> Greatsword/Spear | D77: House Regard | E77: B | F77: Red | G77: 25 | H77: 75 | I77: =SUM(G77:H77) -> 100 | J77: 2002415 | K77: 1796623 | L77: 22102 | M77: =I77/(HLOOKUP(F77,Team_Composition_23[[#All],[Yellow]:[Red]],10,FALSE)+HLOOKUP(F77,Team_Composition_23[[#All],[Yellow]:[Red]],11,FALSE)) -> 0.12180268 | N77: =J77/HLOOKUP(F77,Team_Composition_23[[#All],[Yellow]:[Red]],6,FALSE) -> 0.11348082 | O77: =K77/HLOOKUP(F77,Team_Composition_23[[#All],[Yellow]:[Red]],8,FALSE) -> 0.040817556 | P77: =L77/HLOOKUP(F77,Team_Composition_23[[#All],[Yellow]:[Red]],7,FALSE) -> 0.00091073131 | R77: Damage Dealt | S77: =SUMIFS('House R m UC Aden 1 2242026'!$J$2:$J$163,'House R m UC Aden 1 2242026'!$B$2:$B$163,"KS",'House R m UC Aden 1 2242026'!$F$2:$F$163,"Yellow") -> 3946434 | T77: =SUMIFS('House R m UC Aden 1 2242026'!$J$2:$J$163,'House R m UC Aden 1 2242026'!$B$2:$B$163,"KS",'House R m UC Aden 1 2242026'!$F$2:$F$163,"Red") -> 4793216 | AB77: Damage Dealt | AC77: =SUMIFS('House R m UC Aden 1 2242026'!$J$2:$J$163,'House R m UC Aden 1 2242026'!$B$2:$B$163,"KS",'House R m UC Aden 1 2242026'!$D$2:$D$163,"House Regard") -> 5083888 | AD77: =SUMIFS('House R m UC Aden 1 2242026'!$J$2:$J$163,'House R m UC Aden 1 2242026'!$B$2:$B$163,"KS",'House R m UC Aden 1 2242026'!$D$2:$D$163,"Undercooked") -> 3655762
A78: 3 | B78: =VLOOKUP(C78,Lists!I:J,2,FALSE) -> Melee DPS | C78: =VLOOKUP(E78&D78,Lists!C:E,3,FALSE) -> Greatsword/Spear | D78: House Regard | E78: Baozer | F78: Red | G78: 30 | H78: 97 | I78: =SUM(G78:H78) -> 127 | J78: 1793543 | K78: 1479010 | L78: 31714 | M78: =I78/(HLOOKUP(F78,Team_Composition_23[[#All],[Yellow]:[Red]],10,FALSE)+HLOOKUP(F78,Team_Composition_23[[#All],[Yellow]:[Red]],11,FALSE)) -> 0.1546894 | N78: =J78/HLOOKUP(F78,Team_Composition_23[[#All],[Yellow]:[Red]],6,FALSE) -> 0.10164363 | O78: =K78/HLOOKUP(F78,Team_Composition_23[[#All],[Yellow]:[Red]],8,FALSE) -> 0.033601692 | P78: =L78/HLOOKUP(F78,Team_Composition_23[[#All],[Yellow]:[Red]],7,FALSE) -> 0.0013068018 | R78: Damage Taken | S78: =SUMIFS('House R m UC Aden 1 2242026'!$K$2:$K$163,'House R m UC Aden 1 2242026'!$B$2:$B$163,"KS",'House R m UC Aden 1 2242026'!$F$2:$F$163,"Yellow") -> 3159146 | T78: =SUMIFS('House R m UC Aden 1 2242026'!$K$2:$K$163,'House R m UC Aden 1 2242026'!$B$2:$B$163,"KS",'House R m UC Aden 1 2242026'!$F$2:$F$163,"Red") -> 3128629 | AB78: Damage Taken | AC78: =SUMIFS('House R m UC Aden 1 2242026'!$K$2:$K$163,'House R m UC Aden 1 2242026'!$B$2:$B$163,"KS",'House R m UC Aden 1 2242026'!$D$2:$D$163,"House Regard") -> 2793755 | AD78: =SUMIFS('House R m UC Aden 1 2242026'!$K$2:$K$163,'House R m UC Aden 1 2242026'!$B$2:$B$163,"KS",'House R m UC Aden 1 2242026'!$D$2:$D$163,"Undercooked") -> 3494020
A79: 8 | B79: =VLOOKUP(C79,Lists!I:J,2,FALSE) -> Melee DPS | C79: =VLOOKUP(E79&D79,Lists!C:E,3,FALSE) -> Greatsword/Spear | D79: House Regard | E79: K | F79: Yellow | G79: 24 | H79: 40 | I79: =SUM(G79:H79) -> 64 | J79: 1834123 | K79: 1340846 | L79: 20889 | M79: =I79/(HLOOKUP(F79,Team_Composition_23[[#All],[Yellow]:[Red]],10,FALSE)+HLOOKUP(F79,Team_Composition_23[[#All],[Yellow]:[Red]],11,FALSE)) -> 0.015996001 | N79: =J79/HLOOKUP(F79,Team_Composition_23[[#All],[Yellow]:[Red]],6,FALSE) -> 0.041342979 | O79: =K79/HLOOKUP(F79,Team_Composition_23[[#All],[Yellow]:[Red]],8,FALSE) -> 0.07653771 | P79: =L79/HLOOKUP(F79,Team_Composition_23[[#All],[Yellow]:[Red]],7,FALSE) -> 0.0016137014 | R79: Amount Healed | S79: =SUMIFS('House R m UC Aden 1 2242026'!$L$2:$L$163,'House R m UC Aden 1 2242026'!$B$2:$B$163,"KS",'House R m UC Aden 1 2242026'!$F$2:$F$163,"Yellow") -> 101856 | T79: =SUMIFS('House R m UC Aden 1 2242026'!$L$2:$L$163,'House R m UC Aden 1 2242026'!$B$2:$B$163,"KS",'House R m UC Aden 1 2242026'!$F$2:$F$163,"Red") -> 62657 | AB79: Amount Healed | AC79: =SUMIFS('House R m UC Aden 1 2242026'!$L$2:$L$163,'House R m UC Aden 1 2242026'!$B$2:$B$163,"KS",'House R m UC Aden 1 2242026'!$D$2:$D$163,"House Regard") -> 26904 | AD79: =SUMIFS('House R m UC Aden 1 2242026'!$L$2:$L$163,'House R m UC Aden 1 2242026'!$B$2:$B$163,"KS",'House R m UC Aden 1 2242026'!$D$2:$D$163,"Undercooked") -> 137609
A80: 14 | B80: =VLOOKUP(C80,Lists!I:J,2,FALSE) -> Melee DPS | C80: =VLOOKUP(E80&D80,Lists!C:E,3,FALSE) -> Greatsword/Spear | D80: Undercooked | E80: Margheritaa | F80: Yellow | G80: 20 | H80: 42 | I80: =SUM(G80:H80) -> 62 | J80: 1444439 | K80: 925356 | L80: 41669 | M80: =I80/(HLOOKUP(F80,Team_Composition_23[[#All],[Yellow]:[Red]],10,FALSE)+HLOOKUP(F80,Team_Composition_23[[#All],[Yellow]:[Red]],11,FALSE)) -> 0.015496126 | N80: =J80/HLOOKUP(F80,Team_Composition_23[[#All],[Yellow]:[Red]],6,FALSE) -> 0.032559109 | O80: =K80/HLOOKUP(F80,Team_Composition_23[[#All],[Yellow]:[Red]],8,FALSE) -> 0.052820853 | P80: =L80/HLOOKUP(F80,Team_Composition_23[[#All],[Yellow]:[Red]],7,FALSE) -> 0.0032189824 | R80: Kills | S80: =SUMIFS('House R m UC Aden 1 2242026'!$G$2:$G$163,'House R m UC Aden 1 2242026'!$B$2:$B$163,"KS",'House R m UC Aden 1 2242026'!$F$2:$F$163,"Yellow") -> 66 | T80: =SUMIFS('House R m UC Aden 1 2242026'!$G$2:$G$163,'House R m UC Aden 1 2242026'!$B$2:$B$163,"KS",'House R m UC Aden 1 2242026'!$F$2:$F$163,"Red") -> 91 | AB80: Kills | AC80: =SUMIFS('House R m UC Aden 1 2242026'!$G$2:$G$163,'House R m UC Aden 1 2242026'!$B$2:$B$163,"KS",'House R m UC Aden 1 2242026'!$D$2:$D$163,"House Regard") -> 100 | AD80: =SUMIFS('House R m UC Aden 1 2242026'!$G$2:$G$163,'House R m UC Aden 1 2242026'!$B$2:$B$163,"KS",'House R m UC Aden 1 2242026'!$D$2:$D$163,"Undercooked") -> 57
A81: 80 | B81: =VLOOKUP(C81,Lists!I:J,2,FALSE) -> Melee DPS | C81: =VLOOKUP(E81&D81,Lists!C:E,3,FALSE) -> Greatsword/Spear | D81: Undercooked | E81: Paella | F81: Yellow | G81: 0 | H81: 11 | I81: =SUM(G81:H81) -> 11 | J81: 9796 | K81: 412085 | L81: 1075323 | M81: =I81/(HLOOKUP(F81,Team_Composition_23[[#All],[Yellow]:[Red]],10,FALSE)+HLOOKUP(F81,Team_Composition_23[[#All],[Yellow]:[Red]],11,FALSE)) -> 0.0027493127 | N81: =J81/HLOOKUP(F81,Team_Composition_23[[#All],[Yellow]:[Red]],6,FALSE) -> 0.0002208117 | O81: =K81/HLOOKUP(F81,Team_Composition_23[[#All],[Yellow]:[Red]],8,FALSE) -> 0.023522494 | P81: =L81/HLOOKUP(F81,Team_Composition_23[[#All],[Yellow]:[Red]],7,FALSE) -> 0.083070048 | R81: Assists | S81: =SUMIFS('House R m UC Aden 1 2242026'!$H$2:$H$163,'House R m UC Aden 1 2242026'!$B$2:$B$163,"KS",'House R m UC Aden 1 2242026'!$F$2:$F$163,"Yellow") -> 114 | T81: =SUMIFS('House R m UC Aden 1 2242026'!$H$2:$H$163,'House R m UC Aden 1 2242026'!$B$2:$B$163,"KS",'House R m UC Aden 1 2242026'!$F$2:$F$163,"Red") -> 169 | AB81: Assists | AC81: =SUMIFS('House R m UC Aden 1 2242026'!$H$2:$H$163,'House R m UC Aden 1 2242026'!$B$2:$B$163,"KS",'House R m UC Aden 1 2242026'!$D$2:$D$163,"House Regard") -> 137 | AD81: =SUMIFS('House R m UC Aden 1 2242026'!$H$2:$H$163,'House R m UC Aden 1 2242026'!$B$2:$B$163,"KS",'House R m UC Aden 1 2242026'!$D$2:$D$163,"Undercooked") -> 146
A82: 83 | B82: =VLOOKUP(C82,Lists!I:J,2,FALSE) -> Melee DPS | C82: =VLOOKUP(E82&D82,Lists!C:E,3,FALSE) -> Greatsword/Spear | D82: Undercooked | E82: Prosciutto | F82: Red | G82: 0 | H82: 8 | I82: =SUM(G82:H82) -> 8 | J82: 38190 | K82: 353970 | L82: 11658 | M82: =I82/(HLOOKUP(F82,Team_Composition_23[[#All],[Yellow]:[Red]],10,FALSE)+HLOOKUP(F82,Team_Composition_23[[#All],[Yellow]:[Red]],11,FALSE)) -> 0.0097442144 | N82: =J82/HLOOKUP(F82,Team_Composition_23[[#All],[Yellow]:[Red]],6,FALSE) -> 0.0021643028 | O82: =K82/HLOOKUP(F82,Team_Composition_23[[#All],[Yellow]:[Red]],8,FALSE) -> 0.0080418597 | P82: =L82/HLOOKUP(F82,Team_Composition_23[[#All],[Yellow]:[Red]],7,FALSE) -> 0.0004803776 | R82: Crossbow/Dagger | S82: =COUNTIFS(C:C,R82,F:F,"Yellow") -> 3 | T82: =COUNTIFS(C:C,R82,F:F,"Red") -> 2 | AB82: Crossbow/Dagger | AC82: =COUNTIFS(C:C,AB82,D:D,"House Regard") -> 3 | AD82: =COUNTIFS(C:C,AB82,D:D,"Undercooked") -> 2
A83: 28 | B83: =VLOOKUP(C83,Lists!I:J,2,FALSE) -> KS | C83: =VLOOKUP(E83&D83,Lists!C:E,3,FALSE) -> Greatsword/Dagger | D83: Undercooked | E83: ALilSnakes | F83: Yellow | G83: 8 | H83: 32 | I83: =SUM(G83:H83) -> 40 | J83: 651576 | K83: 1062183 | L83: 80328 | M83: =I83/(HLOOKUP(F83,Team_Composition_23[[#All],[Yellow]:[Red]],10,FALSE)+HLOOKUP(F83,Team_Composition_23[[#All],[Yellow]:[Red]],11,FALSE)) -> 0.0099975006 | N83: =J83/HLOOKUP(F83,Team_Composition_23[[#All],[Yellow]:[Red]],6,FALSE) -> 0.014687179 | O83: =K83/HLOOKUP(F83,Team_Composition_23[[#All],[Yellow]:[Red]],8,FALSE) -> 0.060631164 | P83: =L83/HLOOKUP(F83,Team_Composition_23[[#All],[Yellow]:[Red]],7,FALSE) -> 0.0062054386 | R83: Greatsword/Dagger | S83: =COUNTIFS(C:C,R83,F:F,"Yellow") -> 2 | T83: =COUNTIFS(C:C,R83,F:F,"Red") -> 3 | AB83: Greatsword/Dagger | AC83: =COUNTIFS(C:C,AB83,D:D,"House Regard") -> 2 | AD83: =COUNTIFS(C:C,AB83,D:D,"Undercooked") -> 3
A84: 24 | B84: =VLOOKUP(C84,Lists!I:J,2,FALSE) -> KS | C84: =VLOOKUP(E84&D84,Lists!C:E,3,FALSE) -> Greatsword/Dagger | D84: House Regard | E84: RayPeat | F84: Yellow | G84: 12 | H84: 22 | I84: =SUM(G84:H84) -> 34 | J84: 849536 | K84: 554252 | L84: 9812 | M84: =I84/(HLOOKUP(F84,Team_Composition_23[[#All],[Yellow]:[Red]],10,FALSE)+HLOOKUP(F84,Team_Composition_23[[#All],[Yellow]:[Red]],11,FALSE)) -> 0.0084978755 | N84: =J84/HLOOKUP(F84,Team_Composition_23[[#All],[Yellow]:[Red]],6,FALSE) -> 0.019149397 | O84: =K84/HLOOKUP(F84,Team_Composition_23[[#All],[Yellow]:[Red]],8,FALSE) -> 0.031637622 | P84: =L84/HLOOKUP(F84,Team_Composition_23[[#All],[Yellow]:[Red]],7,FALSE) -> 0.00075798929 | R84: Longbow/Dagger | S84: =COUNTIFS(C:C,R84,F:F,"Yellow") -> 0 | T84: =COUNTIFS(C:C,R84,F:F,"Red") -> 1 | AB84: Longbow/Dagger | AC84: =COUNTIFS(C:C,AB84,D:D,"House Regard") -> 1 | AD84: =COUNTIFS(C:C,AB84,D:D,"Undercooked") -> 0
A85: 23 | B85: =VLOOKUP(C85,Lists!I:J,2,FALSE) -> KS | C85: =VLOOKUP(E85&D85,Lists!C:E,3,FALSE) -> Greatsword/Dagger | D85: Undercooked | E85: sausage | F85: Red | G85: 12 | H85: 28 | I85: =SUM(G85:H85) -> 40 | J85: 694578 | K85: 660808 | L85: 17709 | M85: =I85/(HLOOKUP(F85,Team_Composition_23[[#All],[Yellow]:[Red]],10,FALSE)+HLOOKUP(F85,Team_Composition_23[[#All],[Yellow]:[Red]],11,FALSE)) -> 0.048721072 | N85: =J85/HLOOKUP(F85,Team_Composition_23[[#All],[Yellow]:[Red]],6,FALSE) -> 0.039363109 | O85: =K85/HLOOKUP(F85,Team_Composition_23[[#All],[Yellow]:[Red]],8,FALSE) -> 0.015012926 | P85: =L85/HLOOKUP(F85,Team_Composition_23[[#All],[Yellow]:[Red]],7,FALSE) -> 0.00072971409
A86: 11 | B86: =VLOOKUP(C86,Lists!I:J,2,FALSE) -> KS | C86: =VLOOKUP(E86&D86,Lists!C:E,3,FALSE) -> Greatsword/Dagger | D86: House Regard | E86: ShawarmaShuffle | F86: Red | G86: 22 | H86: 30 | I86: =SUM(G86:H86) -> 52 | J86: 1064273 | K86: 645580 | L86: 5376 | M86: =I86/(HLOOKUP(F86,Team_Composition_23[[#All],[Yellow]:[Red]],10,FALSE)+HLOOKUP(F86,Team_Composition_23[[#All],[Yellow]:[Red]],11,FALSE)) -> 0.063337393 | N86: =J86/HLOOKUP(F86,Team_Composition_23[[#All],[Yellow]:[Red]],6,FALSE) -> 0.060314456 | O86: =K86/HLOOKUP(F86,Team_Composition_23[[#All],[Yellow]:[Red]],8,FALSE) -> 0.01466696 | P86: =L86/HLOOKUP(F86,Team_Composition_23[[#All],[Yellow]:[Red]],7,FALSE) -> 0.00022152256
A87: 69 | B87: =VLOOKUP(C87,Lists!I:J,2,FALSE) -> KS | C87: =VLOOKUP(E87&D87,Lists!C:E,3,FALSE) -> Greatsword/Dagger | D87: Undercooked | E87: waffles | F87: Red | G87: 0 | H87: 21 | I87: =SUM(G87:H87) -> 21 | J87: 282849 | K87: 655763 | L87: 33211 | M87: =I87/(HLOOKUP(F87,Team_Composition_23[[#All],[Yellow]:[Red]],10,FALSE)+HLOOKUP(F87,Team_Composition_23[[#All],[Yellow]:[Red]],11,FALSE)) -> 0.025578563 | N87: =J87/HLOOKUP(F87,Team_Composition_23[[#All],[Yellow]:[Red]],6,FALSE) -> 0.016029612 | O87: =K87/HLOOKUP(F87,Team_Composition_23[[#All],[Yellow]:[Red]],8,FALSE) -> 0.014898308 | P87: =L87/HLOOKUP(F87,Team_Composition_23[[#All],[Yellow]:[Red]],7,FALSE) -> 0.0013684869
A88: 5 | B88: =VLOOKUP(C88,Lists!I:J,2,FALSE) -> Ranged DPS | C88: =VLOOKUP(E88&D88,Lists!C:E,3,FALSE) -> Crossbow/SnS | D88: House Regard | E88: charigueya | F88: Red | G88: 27 | H88: 70 | I88: =SUM(G88:H88) -> 97 | J88: 1960189 | K88: 354619 | L88: 2532 | M88: =I88/(HLOOKUP(F88,Team_Composition_23[[#All],[Yellow]:[Red]],10,FALSE)+HLOOKUP(F88,Team_Composition_23[[#All],[Yellow]:[Red]],11,FALSE)) -> 0.1181486 | N88: =J88/HLOOKUP(F88,Team_Composition_23[[#All],[Yellow]:[Red]],6,FALSE) -> 0.11108779 | O88: =K88/HLOOKUP(F88,Team_Composition_23[[#All],[Yellow]:[Red]],8,FALSE) -> 0.0080566044 | P88: =L88/HLOOKUP(F88,Team_Composition_23[[#All],[Yellow]:[Red]],7,FALSE) -> 0.00010433317
A89: 74 | B89: =VLOOKUP(C89,Lists!I:J,2,FALSE) -> Ranged DPS | C89: =VLOOKUP(E89&D89,Lists!C:E,3,FALSE) -> Crossbow/SnS | D89: House Regard | E89: MrCantoni | F89: Red | G89: 0 | H89: 15 | I89: =SUM(G89:H89) -> 15 | J89: 40997 | K89: 266502 | L89: 113970 | M89: =I89/(HLOOKUP(F89,Team_Composition_23[[#All],[Yellow]:[Red]],10,FALSE)+HLOOKUP(F89,Team_Composition_23[[#All],[Yellow]:[Red]],11,FALSE)) -> 0.018270402 | N89: =J89/HLOOKUP(F89,Team_Composition_23[[#All],[Yellow]:[Red]],6,FALSE) -> 0.0023233811 | O89: =K89/HLOOKUP(F89,Team_Composition_23[[#All],[Yellow]:[Red]],8,FALSE) -> 0.0060546705 | P89: =L89/HLOOKUP(F89,Team_Composition_23[[#All],[Yellow]:[Red]],7,FALSE) -> 0.0046962287
A90: 16 | B90: =VLOOKUP(C90,Lists!I:J,2,FALSE) -> Ranged DPS | C90: =VLOOKUP(E90&D90,Lists!C:E,3,FALSE) -> Crossbow/SnS | D90: Undercooked | E90: Pho | F90: Yellow | G90: 16 | H90: 33 | I90: =SUM(G90:H90) -> 49 | J90: 1563537 | K90: 354930 | L90: 46491 | M90: =I90/(HLOOKUP(F90,Team_Composition_23[[#All],[Yellow]:[Red]],10,FALSE)+HLOOKUP(F90,Team_Composition_23[[#All],[Yellow]:[Red]],11,FALSE)) -> 0.012246938 | N90: =J90/HLOOKUP(F90,Team_Composition_23[[#All],[Yellow]:[Red]],6,FALSE) -> 0.035243698 | O90: =K90/HLOOKUP(F90,Team_Composition_23[[#All],[Yellow]:[Red]],8,FALSE) -> 0.020259992 | P90: =L90/HLOOKUP(F90,Team_Composition_23[[#All],[Yellow]:[Red]],7,FALSE) -> 0.003591488
A91: 19 | B91: =VLOOKUP(C91,Lists!I:J,2,FALSE) -> Ranged DPS | C91: =VLOOKUP(E91&D91,Lists!C:E,3,FALSE) -> Crossbow/SnS | D91: Undercooked | E91: Slushy | F91: Yellow | G91: 15 | H91: 38 | I91: =SUM(G91:H91) -> 53 | J91: 2262523 | K91: 370295 | L91: 34671 | M91: =I91/(HLOOKUP(F91,Team_Composition_23[[#All],[Yellow]:[Red]],10,FALSE)+HLOOKUP(F91,Team_Composition_23[[#All],[Yellow]:[Red]],11,FALSE)) -> 0.013246688 | N91: =J91/HLOOKUP(F91,Team_Composition_23[[#All],[Yellow]:[Red]],6,FALSE) -> 0.050999546 | O91: =K91/HLOOKUP(F91,Team_Composition_23[[#All],[Yellow]:[Red]],8,FALSE) -> 0.021137052 | P91: =L91/HLOOKUP(F91,Team_Composition_23[[#All],[Yellow]:[Red]],7,FALSE) -> 0.0026783782
A92: 1 | B92: =VLOOKUP(C92,Lists!I:J,2,FALSE) -> Ranged DPS | C92: =VLOOKUP(E92&D92,Lists!C:E,3,FALSE) -> Crossbow/SnS | D92: House Regard | E92: Thundercats | F92: Red | G92: 42 | H92: 47 | I92: =SUM(G92:H92) -> 89 | J92: 2177840 | K92: 332893 | L92: 12255 | M92: =I92/(HLOOKUP(F92,Team_Composition_23[[#All],[Yellow]:[Red]],10,FALSE)+HLOOKUP(F92,Team_Composition_23[[#All],[Yellow]:[Red]],11,FALSE)) -> 0.10840438 | N92: =J92/HLOOKUP(F92,Team_Composition_23[[#All],[Yellow]:[Red]],6,FALSE) -> 0.1234225 | O92: =K92/HLOOKUP(F92,Team_Composition_23[[#All],[Yellow]:[Red]],8,FALSE) -> 0.0075630105 | P92: =L92/HLOOKUP(F92,Team_Composition_23[[#All],[Yellow]:[Red]],7,FALSE) -> 0.00050497748
A93: 18 | B93: =VLOOKUP(C93,Lists!I:J,2,FALSE) -> KS | C93: =VLOOKUP(E93&D93,Lists!C:E,3,FALSE) -> Crossbow/Dagger | D93: Undercooked | E93: bacon | F93: Red | G93: 15 | H93: 42 | I93: =SUM(G93:H93) -> 57 | J93: 966025 | K93: 452326 | L93: 6361 | M93: =I93/(HLOOKUP(F93,Team_Composition_23[[#All],[Yellow]:[Red]],10,FALSE)+HLOOKUP(F93,Team_Composition_23[[#All],[Yellow]:[Red]],11,FALSE)) -> 0.069427527 | N93: =J93/HLOOKUP(F93,Team_Composition_23[[#All],[Yellow]:[Red]],6,FALSE) -> 0.054746547 | O93: =K93/HLOOKUP(F93,Team_Composition_23[[#All],[Yellow]:[Red]],8,FALSE) -> 0.010276414 | P93: =L93/HLOOKUP(F93,Team_Composition_23[[#All],[Yellow]:[Red]],7,FALSE) -> 0.0002621103
A94: 12 | B94: =VLOOKUP(C94,Lists!I:J,2,FALSE) -> KS | C94: =VLOOKUP(E94&D94,Lists!C:E,3,FALSE) -> Crossbow/Dagger | D94: Undercooked | E94: Butter | F94: Yellow | G94: 22 | H94: 23 | I94: =SUM(G94:H94) -> 45 | J94: 1060734 | K94: 662940 | L94: 0 | M94: =I94/(HLOOKUP(F94,Team_Composition_23[[#All],[Yellow]:[Red]],10,FALSE)+HLOOKUP(F94,Team_Composition_23[[#All],[Yellow]:[Red]],11,FALSE)) -> 0.011247188 | N94: =J94/HLOOKUP(F94,Team_Composition_23[[#All],[Yellow]:[Red]],6,FALSE) -> 0.023910012 | O94: =K94/HLOOKUP(F94,Team_Composition_23[[#All],[Yellow]:[Red]],8,FALSE) -> 0.037841713 | P94: =L94/HLOOKUP(F94,Team_Composition_23[[#All],[Yellow]:[Red]],7,FALSE) -> 0
A95: 22 | B95: =VLOOKUP(C95,Lists!I:J,2,FALSE) -> KS | C95: =VLOOKUP(E95&D95,Lists!C:E,3,FALSE) -> Crossbow/Dagger | D95: House Regard | E95: Eshaberry | F95: Yellow | G95: 13 | H95: 19 | I95: =SUM(G95:H95) -> 32 | J95: 839812 | K95: 452354 | L95: 11716 | M95: =I95/(HLOOKUP(F95,Team_Composition_23[[#All],[Yellow]:[Red]],10,FALSE)+HLOOKUP(F95,Team_Composition_23[[#All],[Yellow]:[Red]],11,FALSE)) -> 0.0079980005 | N95: =J95/HLOOKUP(F95,Team_Composition_23[[#All],[Yellow]:[Red]],6,FALSE) -> 0.018930208 | O95: =K95/HLOOKUP(F95,Team_Composition_23[[#All],[Yellow]:[Red]],8,FALSE) -> 0.025821115 | P95: =L95/HLOOKUP(F95,Team_Composition_23[[#All],[Yellow]:[Red]],7,FALSE) -> 0.00090507567
A96: 15 | B96: =VLOOKUP(C96,Lists!I:J,2,FALSE) -> KS | C96: =VLOOKUP(E96&D96,Lists!C:E,3,FALSE) -> Crossbow/Dagger | D96: House Regard | E96: Raitou | F96: Red | G96: 18 | H96: 24 | I96: =SUM(G96:H96) -> 42 | J96: 895004 | K96: 367178 | L96: 0 | M96: =I96/(HLOOKUP(F96,Team_Composition_23[[#All],[Yellow]:[Red]],10,FALSE)+HLOOKUP(F96,Team_Composition_23[[#All],[Yellow]:[Red]],11,FALSE)) -> 0.051157125 | N96: =J96/HLOOKUP(F96,Team_Composition_23[[#All],[Yellow]:[Red]],6,FALSE) -> 0.050721647 | O96: =K96/HLOOKUP(F96,Team_Composition_23[[#All],[Yellow]:[Red]],8,FALSE) -> 0.0083419329 | P96: =L96/HLOOKUP(F96,Team_Composition_23[[#All],[Yellow]:[Red]],7,FALSE) -> 0
A97: 27 | B97: =VLOOKUP(C97,Lists!I:J,2,FALSE) -> KS | C97: =VLOOKUP(E97&D97,Lists!C:E,3,FALSE) -> Crossbow/Dagger | D97: House Regard | E97: vexzus | F97: Yellow | G97: 11 | H97: 18 | I97: =SUM(G97:H97) -> 29 | J97: 544776 | K97: 427417 | L97: 0 | M97: =I97/(HLOOKUP(F97,Team_Composition_23[[#All],[Yellow]:[Red]],10,FALSE)+HLOOKUP(F97,Team_Composition_23[[#All],[Yellow]:[Red]],11,FALSE)) -> 0.007248188 | N97: =J97/HLOOKUP(F97,Team_Composition_23[[#All],[Yellow]:[Red]],6,FALSE) -> 0.012279799 | O97: =K97/HLOOKUP(F97,Team_Composition_23[[#All],[Yellow]:[Red]],8,FALSE) -> 0.02439767 | P97: =L97/HLOOKUP(F97,Team_Composition_23[[#All],[Yellow]:[Red]],7,FALSE) -> 0
B109: =VLOOKUP(C109,Lists!I:J,2,FALSE) -> #N/A
B110: =VLOOKUP(C110,Lists!I:J,2,FALSE) -> #N/A
B111: =VLOOKUP(C111,Lists!I:J,2,FALSE) -> #N/A
...

Sheet House R v HR aelon 2 2182026
A1: / | B1: Role | C1: Weapons | D1: Guild | E1: Name | F1: Team | G1: Kills | H1: Assists | I1: K + A | J1: Damage Dealt | K1: Damage Taken | L1: Amount Healed | M1: K+A Eff | N1: Dmg Dealt Eff | O1: Dmg Taken Eff | P1: Amt Healed Eff
A2: 1 | B2: =VLOOKUP(C2,Lists!I:J,2,FALSE) -> Ranged DPS | C2: Orb/Dagger | D2: Highly Regarded | E2: Artayy | F2: Red | G2: 66 | H2: 65 | I2: =SUM(G2:H2) -> 131 | J2: 3998661 | K2: 563610 | L2: 0 | M2: =I2/(HLOOKUP(F2,Team_Composition_23[[#All],[Yellow]:[Red]],10,FALSE)+HLOOKUP(F2,Team_Composition_23[[#All],[Yellow]:[Red]],11,FALSE)) -> 0.15956151 | N2: =J2/HLOOKUP(F2,Team_Composition_23[[#All],[Yellow]:[Red]],6,FALSE) -> 0.22661203 | O2: =K2/HLOOKUP(F2,Team_Composition_23[[#All],[Yellow]:[Red]],8,FALSE) -> 0.01280468 | P2: =L2/HLOOKUP(F2,Team_Composition_23[[#All],[Yellow]:[Red]],7,FALSE) -> 0 | R2: Overall Stats | V2: Top Kills + Assists | Y2: Top Damage Dealt | AB2: Overall Stats by Guild
